id,title,description,url,schema,osi_approved,revision_id,created,updated
glide,3dfx Glide License,,http://www.users.on.net/~triforce/glidexp/COPYING.txt,spdx,,1,2023-10-12T17:24:19.712198+00:00,2023-10-12T17:24:19.744851+00:00
amdplpa,AMD's plpa_map.c License,,https://fedoraproject.org/wiki/Licensing/AMD_plpa_map_License,spdx,,1,2023-10-12T17:24:15.827965+00:00,2023-10-12T17:24:15.860623+00:00
antlr-pd,ANTLR Software Rights Notice,,http://www.antlr2.org/license.html,spdx,,1,2023-10-12T17:24:15.889122+00:00,2023-10-12T17:24:15.923241+00:00
antlr-pd-fallback,ANTLR Software Rights Notice with license fallback,,http://www.antlr2.org/license.html,spdx,,1,2023-10-12T17:24:15.927841+00:00,2023-10-12T17:24:15.961741+00:00
abstyles,Abstyles License,,https://fedoraproject.org/wiki/Licensing/Abstyles,spdx,,1,2023-10-12T17:24:16.061419+00:00,2023-10-12T17:24:16.094551+00:00
afl-1.1,Academic Free License v1.1,,http://opensource.linux-mirror.org/licenses/afl-1.1.txt,spdx,y,1,2023-10-12T17:24:15.542636+00:00,2023-10-12T17:24:15.581725+00:00
afl-1.2,Academic Free License v1.2,,http://opensource.linux-mirror.org/licenses/afl-1.2.txt,spdx,y,1,2023-10-12T17:24:15.597135+00:00,2023-10-12T17:24:15.656410+00:00
afl-2.0,Academic Free License v2.0,,http://wayback.archive.org/web/20060924134533/http://www.opensource.org/licenses/afl-2.0.txt,spdx,y,1,2023-10-12T17:24:15.601865+00:00,2023-10-12T17:24:15.633815+00:00
afl-2.1,Academic Free License v2.1,,http://opensource.linux-mirror.org/licenses/afl-2.1.txt,spdx,y,1,2023-10-12T17:24:15.654882+00:00,2023-10-12T17:24:15.691382+00:00
afl-3.0,Academic Free License v3.0,,http://www.rosenlaw.com/AFL3.0.htm,spdx,y,1,2023-10-12T17:24:15.673610+00:00,2023-10-12T17:24:15.717570+00:00
ampas,Academy of Motion Picture Arts and Sciences BSD,,https://fedoraproject.org/wiki/Licensing/BSD#AMPASBSD,spdx,,1,2023-10-12T17:24:15.877026+00:00,2023-10-12T17:24:15.909164+00:00
apl-1.0,Adaptive Public License 1.0,,https://opensource.org/licenses/APL-1.0,spdx,y,1,2023-10-12T17:24:15.974321+00:00,2023-10-12T17:24:15.989921+00:00
adobe-glyph,Adobe Glyph List License,,https://fedoraproject.org/wiki/Licensing/MIT#AdobeGlyph,spdx,,1,2023-10-12T17:24:16.111908+00:00,2023-10-12T17:24:16.131399+00:00
apafml,Adobe Postscript AFM License,,https://fedoraproject.org/wiki/Licensing/AdobePostscriptAFM,spdx,,1,2023-10-12T17:24:15.938546+00:00,2023-10-12T17:24:15.958161+00:00
adobe-2006,Adobe Systems Incorporated Source Code License Agreement,,https://fedoraproject.org/wiki/Licensing/AdobeLicense,spdx,,1,2023-10-12T17:24:16.091504+00:00,2023-10-12T17:24:16.130475+00:00
agpl-1.0-only,Affero General Public License v1.0 only,,http://www.affero.org/oagpl.html,spdx,,1,2023-10-12T17:24:15.708129+00:00,2023-10-12T17:24:15.750872+00:00
agpl-1.0-or-later,Affero General Public License v1.0 or later,,http://www.affero.org/oagpl.html,spdx,,1,2023-10-12T17:24:15.734469+00:00,2023-10-12T17:24:15.777246+00:00
afmparse,Afmparse License,,https://fedoraproject.org/wiki/Licensing/Afmparse,spdx,,1,2023-10-12T17:24:16.146775+00:00,2023-10-12T17:24:16.185810+00:00
against-drm,Against DRM,,http://www.opendefinition.org/licenses/against-drm,,False,1,2023-10-12T17:24:23.203586+00:00,2023-10-12T17:24:23.242170+00:00
aladdin,Aladdin Free Public License,,http://pages.cs.wisc.edu/~ghost/doc/AFPL/6.01/Public.htm,spdx,,1,2023-10-12T17:24:16.148684+00:00,2023-10-12T17:24:16.192283+00:00
adsl,Amazon Digital Services License,,https://fedoraproject.org/wiki/Licensing/AmazonDigitalServicesLicense,spdx,,1,2023-10-12T17:24:15.543274+00:00,2023-10-12T17:24:15.571026+00:00
apache-1.0,Apache License 1.0,,http://www.apache.org/licenses/LICENSE-1.0,spdx,,1,2023-10-12T17:24:16.203632+00:00,2023-10-12T17:24:16.238958+00:00
apache-1.1,Apache License 1.1,,http://apache.org/licenses/LICENSE-1.1,spdx,y,1,2023-10-12T17:24:16.209556+00:00,2023-10-12T17:24:16.261248+00:00
apache-2.0,Apache License 2.0,"A permissive license whose main conditions require preservation of copyright and license notices. Contributors provide an express grant of patent rights. Licensed works, modifications, and larger works may be distributed under different terms and without source code.",http://www.apache.org/licenses/LICENSE-2.0,spdx,y,1,2023-10-12T17:24:16.255875+00:00,2023-10-12T17:24:16.296925+00:00
aml,Apple MIT License,,https://fedoraproject.org/wiki/Licensing/Apple_MIT_License,spdx,,1,2023-10-12T17:24:15.844336+00:00,2023-10-12T17:24:15.870873+00:00
apsl-1.0,Apple Public Source License 1.0,,https://fedoraproject.org/wiki/Licensing/Apple_Public_Source_License_1.0,spdx,y,1,2023-10-12T17:24:15.978879+00:00,2023-10-12T17:24:16.000727+00:00
apsl-1.1,Apple Public Source License 1.1,,http://www.opensource.apple.com/source/IOSerialFamily/IOSerialFamily-7/APPLE_LICENSE,spdx,y,1,2023-10-12T17:24:16.005677+00:00,2023-10-12T17:24:16.044099+00:00
apsl-1.2,Apple Public Source License 1.2,,http://www.samurajdata.se/opensource/mirror/licenses/apsl.php,spdx,y,1,2023-10-12T17:24:16.015896+00:00,2023-10-12T17:24:16.040229+00:00
apsl-2.0,Apple Public Source License 2.0,,http://www.opensource.apple.com/license/apsl/,spdx,y,1,2023-10-12T17:24:16.056524+00:00,2023-10-12T17:24:16.075687+00:00
artistic-1.0,Artistic License 1.0,,https://opensource.org/licenses/Artistic-1.0,spdx,y,1,2023-10-12T17:24:16.277232+00:00,2023-10-12T17:24:16.305879+00:00
artistic-1.0-perl,Artistic License 1.0 (Perl),,http://dev.perl.org/licenses/artistic.html,spdx,y,1,2023-10-12T17:24:16.312454+00:00,2023-10-12T17:24:16.332971+00:00
artistic-1.0-cl8,Artistic License 1.0 w/clause 8,,https://opensource.org/licenses/Artistic-1.0,spdx,y,1,2023-10-12T17:24:16.322314+00:00,2023-10-12T17:24:16.360571+00:00
artistic-2.0,Artistic License 2.0,,http://www.perlfoundation.org/artistic_license_2_0,spdx,y,1,2023-10-12T17:24:16.348596+00:00,2023-10-12T17:24:16.376738+00:00
aal,Attribution Assurance License,,https://opensource.org/licenses/attribution,spdx,y,1,2023-10-12T17:24:14.996282+00:00,2023-10-12T17:24:15.194934+00:00
bsd-1-clause,BSD 1-Clause License,,https://svnweb.freebsd.org/base/head/include/ifaddrs.h?revision=326823,spdx,y,1,2023-10-12T17:24:16.378700+00:00,2023-10-12T17:24:16.403950+00:00
bsd-2-clause,"BSD 2-Clause ""Simplified"" License",,https://opensource.org/licenses/BSD-2-Clause,spdx,y,1,2023-10-12T17:24:16.392476+00:00,2023-10-12T17:24:16.412112+00:00
bsd-2-clause-views,BSD 2-Clause with views sentence,,http://www.freebsd.org/copyright/freebsd-license.html,spdx,,1,2023-10-12T17:24:16.427852+00:00,2023-10-12T17:24:16.477137+00:00
bsd-3-clause,"BSD 3-Clause ""New"" or ""Revised"" License",,https://opensource.org/licenses/BSD-3-Clause,spdx,y,1,2023-10-12T17:24:16.488334+00:00,2023-10-12T17:24:16.520073+00:00
bsd-3-clause-clear,BSD 3-Clause Clear License,,http://labs.metacarta.com/license-explanation.html#license,spdx,,1,2023-10-12T17:24:16.536429+00:00,2023-10-12T17:24:16.562808+00:00
bsd-3-clause-no-nuclear-license,BSD 3-Clause No Nuclear License,,http://download.oracle.com/otn-pub/java/licenses/bsd.txt?AuthParam=1467140197_43d516ce1776bd08a58235a7785be1cc,spdx,,1,2023-10-12T17:24:16.578818+00:00,2023-10-12T17:24:16.609280+00:00
bsd-3-clause-no-nuclear-license-2014,BSD 3-Clause No Nuclear License 2014,,https://java.net/projects/javaeetutorial/pages/BerkeleyLicense,spdx,,1,2023-10-12T17:24:16.599606+00:00,2023-10-12T17:24:16.619612+00:00
bsd-3-clause-no-nuclear-warranty,BSD 3-Clause No Nuclear Warranty,,https://jogamp.org/git/?p=gluegen.git;a=blob_plain;f=LICENSE.txt,spdx,,1,2023-10-12T17:24:16.626169+00:00,2023-10-12T17:24:16.668191+00:00
bsd-3-clause-open-mpi,BSD 3-Clause Open MPI variant,,https://www.open-mpi.org/community/license.php,spdx,,1,2023-10-12T17:24:16.634890+00:00,2023-10-12T17:24:16.653981+00:00
bsd-4-clause,"BSD 4-Clause ""Original"" or ""Old"" License",,http://directory.fsf.org/wiki/License:BSD_4Clause,spdx,,1,2023-10-12T17:24:16.669105+00:00,2023-10-12T17:24:16.699076+00:00
bsd-protection,BSD Protection License,,https://fedoraproject.org/wiki/Licensing/BSD_Protection_License,spdx,,1,2023-10-12T17:24:16.714209+00:00,2023-10-12T17:24:16.732783+00:00
bsd-source-code,BSD Source Code Attribution,,https://github.com/robbiehanson/CocoaHTTPServer/blob/master/LICENSE.txt,spdx,,1,2023-10-12T17:24:16.737530+00:00,2023-10-12T17:24:16.757714+00:00
0bsd,BSD Zero Clause License,,http://landley.net/toybox/license.html,spdx,y,1,2023-10-12T17:24:14.997270+00:00,2023-10-12T17:24:15.195823+00:00
bsd-3-clause-attribution,BSD with attribution,,https://fedoraproject.org/wiki/Licensing/BSD_with_Attribution,spdx,,1,2023-10-12T17:24:16.492771+00:00,2023-10-12T17:24:16.537759+00:00
bsd-2-clause-patent,BSD-2-Clause Plus Patent License,,https://opensource.org/licenses/BSDplusPatent,spdx,y,1,2023-10-12T17:24:16.420741+00:00,2023-10-12T17:24:16.461276+00:00
bsd-4-clause-uc,BSD-4-Clause (University of California-Specific),,http://www.freebsd.org/copyright/license.html,spdx,,1,2023-10-12T17:24:16.685097+00:00,2023-10-12T17:24:16.720769+00:00
bahyph,Bahyph License,,https://fedoraproject.org/wiki/Licensing/Bahyph,spdx,,1,2023-10-12T17:24:16.790015+00:00,2023-10-12T17:24:16.808442+00:00
barr,Barr License,,https://fedoraproject.org/wiki/Licensing/Barr,spdx,,1,2023-10-12T17:24:16.806084+00:00,2023-10-12T17:24:16.853742+00:00
beerware,Beerware License,,https://fedoraproject.org/wiki/Licensing/Beerware,spdx,,1,2023-10-12T17:24:16.830351+00:00,2023-10-12T17:24:16.867836+00:00
bittorrent-1.0,BitTorrent Open Source License v1.0,,http://sources.gentoo.org/cgi-bin/viewvc.cgi/gentoo-x86/licenses/BitTorrent?r1=1.1&r2=1.1.1.1&diff_format=s,spdx,,1,2023-10-12T17:24:16.877824+00:00,2023-10-12T17:24:16.932108+00:00
bittorrent-1.1,BitTorrent Open Source License v1.1,,http://directory.fsf.org/wiki/License:BitTorrentOSL1.1,spdx,,1,2023-10-12T17:24:16.893250+00:00,2023-10-12T17:24:16.947351+00:00
blueoak-1.0.0,Blue Oak Model License 1.0.0,,https://blueoakcouncil.org/license/1.0.0,spdx,,1,2023-10-12T17:24:16.949300+00:00,2023-10-12T17:24:16.986041+00:00
bsl-1.0,Boost Software License 1.0,,http://www.boost.org/LICENSE_1_0.txt,spdx,y,1,2023-10-12T17:24:16.747647+00:00,2023-10-12T17:24:16.775018+00:00
borceux,Borceux license,,https://fedoraproject.org/wiki/Licensing/Borceux,spdx,,1,2023-10-12T17:24:16.963496+00:00,2023-10-12T17:24:16.980355+00:00
busl-1.1,Business Source License 1.1,,https://mariadb.com/bsl11/,spdx,,1,2023-10-12T17:24:16.772721+00:00,2023-10-12T17:24:16.789854+00:00
cern-ohl-p-2.0,CERN Open Hardware Licence Version 2 - Permissive,,https://www.ohwr.org/project/cernohl/wikis/Documents/CERN-OHL-version-2,spdx,,1,2023-10-12T17:24:18.225992+00:00,2023-10-12T17:24:18.245024+00:00
cern-ohl-s-2.0,CERN Open Hardware Licence Version 2 - Strongly Reciprocal,,https://www.ohwr.org/project/cernohl/wikis/Documents/CERN-OHL-version-2,spdx,,1,2023-10-12T17:24:18.253033+00:00,2023-10-12T17:24:18.261570+00:00
cern-ohl-w-2.0,CERN Open Hardware Licence Version 2 - Weakly Reciprocal,,https://www.ohwr.org/project/cernohl/wikis/Documents/CERN-OHL-version-2,spdx,,1,2023-10-12T17:24:18.259953+00:00,2023-10-12T17:24:18.294025+00:00
cern-ohl-1.1,CERN Open Hardware Licence v1.1,,https://www.ohwr.org/project/licenses/wikis/cern-ohl-v1.1,spdx,,1,2023-10-12T17:24:18.174281+00:00,2023-10-12T17:24:18.206042+00:00
cern-ohl-1.2,CERN Open Hardware Licence v1.2,,https://www.ohwr.org/project/licenses/wikis/cern-ohl-v1.2,spdx,,1,2023-10-12T17:24:18.202372+00:00,2023-10-12T17:24:18.237388+00:00
mit-cmu,CMU License,,https://fedoraproject.org/wiki/Licensing:MIT?rd=Licensing/MIT#CMU_Style,spdx,,1,2023-10-12T17:24:20.572930+00:00,2023-10-12T17:24:20.596950+00:00
cnri-jython,CNRI Jython License,,http://www.jython.org/license.html,spdx,,1,2023-10-12T17:24:18.276819+00:00,2023-10-12T17:24:18.310727+00:00
cnri-python,CNRI Python License,,https://opensource.org/licenses/CNRI-Python,spdx,y,1,2023-10-12T17:24:18.309756+00:00,2023-10-12T17:24:18.324038+00:00
cnri-python-gpl-compatible,CNRI Python Open Source GPL Compatible License Agreement,,http://www.python.org/download/releases/1.6.1/download_win/,spdx,,1,2023-10-12T17:24:18.325896+00:00,2023-10-12T17:24:18.359901+00:00
cua-opl-1.0,CUA Office Public License v1.0,,https://opensource.org/licenses/CUA-OPL-1.0,spdx,y,1,2023-10-12T17:24:18.413238+00:00,2023-10-12T17:24:18.439489+00:00
caldera,Caldera License,,http://www.lemis.com/grog/UNIX/ancient-source-all.pdf,spdx,,1,2023-10-12T17:24:18.429408+00:00,2023-10-12T17:24:18.449644+00:00
cecill-1.0,CeCILL Free Software License Agreement v1.0,,http://www.cecill.info/licences/Licence_CeCILL_V1-fr.html,spdx,,1,2023-10-12T17:24:18.018487+00:00,2023-10-12T17:24:18.058700+00:00
cecill-1.1,CeCILL Free Software License Agreement v1.1,,http://www.cecill.info/licences/Licence_CeCILL_V1.1-US.html,spdx,,1,2023-10-12T17:24:18.034030+00:00,2023-10-12T17:24:18.077639+00:00
cecill-2.0,CeCILL Free Software License Agreement v2.0,,http://www.cecill.info/licences/Licence_CeCILL_V2-en.html,spdx,,1,2023-10-12T17:24:18.075900+00:00,2023-10-12T17:24:18.115105+00:00
cecill-2.1,CeCILL Free Software License Agreement v2.1,,http://www.cecill.info/licences/Licence_CeCILL_V2.1-en.html,spdx,y,1,2023-10-12T17:24:18.093016+00:00,2023-10-12T17:24:18.137327+00:00
cecill-b,CeCILL-B Free Software License Agreement,,http://www.cecill.info/licences/Licence_CeCILL-B_V1-en.html,spdx,,1,2023-10-12T17:24:18.132003+00:00,2023-10-12T17:24:18.158457+00:00
cecill-c,CeCILL-C Free Software License Agreement,,http://www.cecill.info/licences/Licence_CeCILL-C_V1-en.html,spdx,,1,2023-10-12T17:24:18.153007+00:00,2023-10-12T17:24:18.186678+00:00
clartistic,Clarified Artistic License,,http://gianluca.dellavedova.org/2011/01/03/clarified-artistic-license/,spdx,,1,2023-10-12T17:24:18.453997+00:00,2023-10-12T17:24:18.471928+00:00
cpol-1.02,Code Project Open License 1.02,,http://www.codeproject.com/info/cpol10.aspx,spdx,,1,2023-10-12T17:24:18.375255+00:00,2023-10-12T17:24:18.397016+00:00
cddl-1.0,Common Development and Distribution License 1.0,,https://opensource.org/licenses/cddl1,spdx,y,1,2023-10-12T17:24:17.946004+00:00,2023-10-12T17:24:17.978172+00:00
cddl-1.1,Common Development and Distribution License 1.1,,http://glassfish.java.net/public/CDDL+GPL_1_1.html,spdx,,1,2023-10-12T17:24:17.948293+00:00,2023-10-12T17:24:17.967634+00:00
cpal-1.0,Common Public Attribution License 1.0,,https://opensource.org/licenses/CPAL-1.0,spdx,y,1,2023-10-12T17:24:18.338842+00:00,2023-10-12T17:24:18.359365+00:00
cpl-1.0,Common Public License 1.0,,https://opensource.org/licenses/CPL-1.0,spdx,y,1,2023-10-12T17:24:18.376170+00:00,2023-10-12T17:24:18.413917+00:00
cdla-permissive-1.0,Community Data License Agreement Permissive 1.0,,https://cdla.io/permissive-1-0,spdx,,1,2023-10-12T17:24:17.982937+00:00,2023-10-12T17:24:18.018721+00:00
cdla-sharing-1.0,Community Data License Agreement Sharing 1.0,,https://cdla.io/sharing-1-0,spdx,,1,2023-10-12T17:24:17.993170+00:00,2023-10-12T17:24:18.001941+00:00
catosl-1.1,Computer Associates Trusted Open Source License 1.1,,https://opensource.org/licenses/CATOSL-1.1,spdx,y,1,2023-10-12T17:24:17.041683+00:00,2023-10-12T17:24:17.084299+00:00
condor-1.1,Condor Public License v1.1,,http://research.cs.wisc.edu/condor/license.html#condor,spdx,,1,2023-10-12T17:24:18.464119+00:00,2023-10-12T17:24:18.496852+00:00
cc-by-1.0,Creative Commons Attribution 1.0 Generic,,https://creativecommons.org/licenses/by/1.0/legalcode,spdx,,1,2023-10-12T17:24:17.041602+00:00,2023-10-12T17:24:17.074812+00:00
cc-by-2.0,Creative Commons Attribution 2.0 Generic,,https://creativecommons.org/licenses/by/2.0/legalcode,spdx,,1,2023-10-12T17:24:17.091130+00:00,2023-10-12T17:24:17.126434+00:00
cc-by-2.5,Creative Commons Attribution 2.5 Generic,,https://creativecommons.org/licenses/by/2.5/legalcode,spdx,,1,2023-10-12T17:24:17.101865+00:00,2023-10-12T17:24:17.148780+00:00
cc-by-3.0-at,Creative Commons Attribution 3.0 Austria,,https://creativecommons.org/licenses/by/3.0/at/legalcode,spdx,,1,2023-10-12T17:24:17.166568+00:00,2023-10-12T17:24:17.197144+00:00
cc-by-3.0-us,Creative Commons Attribution 3.0 United States,,https://creativecommons.org/licenses/by/3.0/us/legalcode,spdx,,1,2023-10-12T17:24:17.183634+00:00,2023-10-12T17:24:17.219774+00:00
cc-by-3.0,Creative Commons Attribution 3.0 Unported,,https://creativecommons.org/licenses/by/3.0/legalcode,spdx,,1,2023-10-12T17:24:17.142888+00:00,2023-10-12T17:24:17.165491+00:00
cc-by-4.0,Creative Commons Attribution 4.0 International,The Creative Commons Attribution license allows re-distribution and re-use of a licensed work on the condition that the creator is appropriately credited.,https://creativecommons.org/licenses/by/4.0/legalcode,spdx,,1,2023-10-12T17:24:17.213122+00:00,2023-10-12T17:24:17.250742+00:00
cc-by-nd-1.0,Creative Commons Attribution No Derivatives 1.0 Generic,,https://creativecommons.org/licenses/by-nd/1.0/legalcode,spdx,,1,2023-10-12T17:24:17.596431+00:00,2023-10-12T17:24:17.613229+00:00
cc-by-nd-2.0,Creative Commons Attribution No Derivatives 2.0 Generic,,https://creativecommons.org/licenses/by-nd/2.0/legalcode,spdx,,1,2023-10-12T17:24:17.628568+00:00,2023-10-12T17:24:17.676745+00:00
cc-by-nd-2.5,Creative Commons Attribution No Derivatives 2.5 Generic,,https://creativecommons.org/licenses/by-nd/2.5/legalcode,spdx,,1,2023-10-12T17:24:17.628760+00:00,2023-10-12T17:24:17.647254+00:00
cc-by-nd-3.0,Creative Commons Attribution No Derivatives 3.0 Unported,,https://creativecommons.org/licenses/by-nd/3.0/legalcode,spdx,,1,2023-10-12T17:24:17.663275+00:00,2023-10-12T17:24:17.678278+00:00
cc-by-nd-4.0,Creative Commons Attribution No Derivatives 4.0 International,,https://creativecommons.org/licenses/by-nd/4.0/legalcode,spdx,,1,2023-10-12T17:24:17.692456+00:00,2023-10-12T17:24:17.742692+00:00
cc-by-nc-1.0,Creative Commons Attribution Non Commercial 1.0 Generic,,https://creativecommons.org/licenses/by-nc/1.0/legalcode,spdx,,1,2023-10-12T17:24:17.236490+00:00,2023-10-12T17:24:17.267477+00:00
cc-by-nc-2.0,Creative Commons Attribution Non Commercial 2.0 Generic,,https://creativecommons.org/licenses/by-nc/2.0/legalcode,spdx,,1,2023-10-12T17:24:17.266055+00:00,2023-10-12T17:24:17.274585+00:00
cc-by-nc-2.5,Creative Commons Attribution Non Commercial 2.5 Generic,,https://creativecommons.org/licenses/by-nc/2.5/legalcode,spdx,,1,2023-10-12T17:24:17.289658+00:00,2023-10-12T17:24:17.327786+00:00
cc-by-nc-3.0,Creative Commons Attribution Non Commercial 3.0 Unported,,https://creativecommons.org/licenses/by-nc/3.0/legalcode,spdx,,1,2023-10-12T17:24:17.300313+00:00,2023-10-12T17:24:17.318271+00:00
cc-by-nc-4.0,Creative Commons Attribution Non Commercial 4.0 International,,https://creativecommons.org/licenses/by-nc/4.0/legalcode,spdx,,1,2023-10-12T17:24:17.334089+00:00,2023-10-12T17:24:17.366282+00:00
cc-by-nc-nd-1.0,Creative Commons Attribution Non Commercial No Derivatives 1.0 Generic,,https://creativecommons.org/licenses/by-nd-nc/1.0/legalcode,spdx,,1,2023-10-12T17:24:17.343184+00:00,2023-10-12T17:24:17.383856+00:00
cc-by-nc-nd-2.0,Creative Commons Attribution Non Commercial No Derivatives 2.0 Generic,,https://creativecommons.org/licenses/by-nc-nd/2.0/legalcode,spdx,,1,2023-10-12T17:24:17.381978+00:00,2023-10-12T17:24:17.403646+00:00
cc-by-nc-nd-2.5,Creative Commons Attribution Non Commercial No Derivatives 2.5 Generic,,https://creativecommons.org/licenses/by-nc-nd/2.5/legalcode,spdx,,1,2023-10-12T17:24:17.399164+00:00,2023-10-12T17:24:17.421246+00:00
cc-by-nc-nd-3.0-igo,Creative Commons Attribution Non Commercial No Derivatives 3.0 IGO,,https://creativecommons.org/licenses/by-nc-nd/3.0/igo/legalcode,spdx,,1,2023-10-12T17:24:17.436365+00:00,2023-10-12T17:24:17.469971+00:00
cc-by-nc-nd-3.0,Creative Commons Attribution Non Commercial No Derivatives 3.0 Unported,,https://creativecommons.org/licenses/by-nc-nd/3.0/legalcode,spdx,,1,2023-10-12T17:24:17.419375+00:00,2023-10-12T17:24:17.455314+00:00
cc-by-nc-nd-4.0,Creative Commons Attribution Non Commercial No Derivatives 4.0 International,,https://creativecommons.org/licenses/by-nc-nd/4.0/legalcode,spdx,,1,2023-10-12T17:24:17.471274+00:00,2023-10-12T17:24:17.496219+00:00
cc-by-nc-sa-1.0,Creative Commons Attribution Non Commercial Share Alike 1.0 Generic,,https://creativecommons.org/licenses/by-nc-sa/1.0/legalcode,spdx,,1,2023-10-12T17:24:17.486278+00:00,2023-10-12T17:24:17.519567+00:00
cc-by-nc-sa-2.0,Creative Commons Attribution Non Commercial Share Alike 2.0 Generic,,https://creativecommons.org/licenses/by-nc-sa/2.0/legalcode,spdx,,1,2023-10-12T17:24:17.514300+00:00,2023-10-12T17:24:17.545313+00:00
cc-by-nc-sa-2.5,Creative Commons Attribution Non Commercial Share Alike 2.5 Generic,,https://creativecommons.org/licenses/by-nc-sa/2.5/legalcode,spdx,,1,2023-10-12T17:24:17.535399+00:00,2023-10-12T17:24:17.557774+00:00
cc-by-nc-sa-3.0,Creative Commons Attribution Non Commercial Share Alike 3.0 Unported,,https://creativecommons.org/licenses/by-nc-sa/3.0/legalcode,spdx,,1,2023-10-12T17:24:17.561718+00:00,2023-10-12T17:24:17.580694+00:00
cc-by-nc-sa-4.0,Creative Commons Attribution Non Commercial Share Alike 4.0 International,,https://creativecommons.org/licenses/by-nc-sa/4.0/legalcode,spdx,,1,2023-10-12T17:24:17.573799+00:00,2023-10-12T17:24:17.613746+00:00
cc-by-sa-1.0,Creative Commons Attribution Share Alike 1.0 Generic,,https://creativecommons.org/licenses/by-sa/1.0/legalcode,spdx,,1,2023-10-12T17:24:17.692639+00:00,2023-10-12T17:24:17.740451+00:00
cc-by-sa-2.0-uk,Creative Commons Attribution Share Alike 2.0 England and Wales,,https://creativecommons.org/licenses/by-sa/2.0/uk/legalcode,spdx,,1,2023-10-12T17:24:17.757622+00:00,2023-10-12T17:24:17.777632+00:00
cc-by-sa-2.0,Creative Commons Attribution Share Alike 2.0 Generic,,https://creativecommons.org/licenses/by-sa/2.0/legalcode,spdx,,1,2023-10-12T17:24:17.757461+00:00,2023-10-12T17:24:17.795721+00:00
cc-by-sa-2.5,Creative Commons Attribution Share Alike 2.5 Generic,,https://creativecommons.org/licenses/by-sa/2.5/legalcode,spdx,,1,2023-10-12T17:24:17.792283+00:00,2023-10-12T17:24:17.825327+00:00
cc-by-sa-3.0,Creative Commons Attribution Share Alike 3.0 Unported,,https://creativecommons.org/licenses/by-sa/3.0/legalcode,spdx,,1,2023-10-12T17:24:17.811562+00:00,2023-10-12T17:24:17.834030+00:00
cc-by-sa-4.0,Creative Commons Attribution Share Alike 4.0 International,Permits almost any use subject to providing credit and license notice. Frequently used for media assets and educational materials. The most common license for Open Access scientific publications. Not recommended for software.,https://creativecommons.org/licenses/by-sa/4.0/legalcode,spdx,,1,2023-10-12T17:24:17.849133+00:00,2023-10-12T17:24:17.896661+00:00
cc-by-sa-3.0-at,Creative Commons Attribution-Share Alike 3.0 Austria,,https://creativecommons.org/licenses/by-sa/3.0/at/legalcode,spdx,,1,2023-10-12T17:24:17.840742+00:00,2023-10-12T17:24:17.877118+00:00
cc-pddc,Creative Commons Public Domain Dedication and Certification,,https://creativecommons.org/licenses/publicdomain/,spdx,,1,2023-10-12T17:24:17.893227+00:00,2023-10-12T17:24:17.929931+00:00
cc0-1.0,Creative Commons Zero v1.0 Universal,CC0 waives copyright interest in a work you've created and dedicates it to the world-wide public domain. Use CC0 to opt out of copyright entirely and ensure your work has the widest reach.,https://creativecommons.org/publicdomain/zero/1.0/legalcode,spdx,,1,2023-10-12T17:24:17.913036+00:00,2023-10-12T17:24:17.933253+00:00
crossword,Crossword License,,https://fedoraproject.org/wiki/Licensing/Crossword,spdx,,1,2023-10-12T17:24:18.497726+00:00,2023-10-12T17:24:18.515537+00:00
cal-1.0,Cryptographic Autonomy License 1.0,,http://cryptographicautonomylicense.com/license-text.html,spdx,y,1,2023-10-12T17:24:16.997130+00:00,2023-10-12T17:24:17.025732+00:00
cal-1.0-combined-work-exception,Cryptographic Autonomy License 1.0 (Combined Work Exception),,http://cryptographicautonomylicense.com/license-text.html,spdx,y,1,2023-10-12T17:24:17.002569+00:00,2023-10-12T17:24:17.025732+00:00
crystalstacker,CrystalStacker License,,https://fedoraproject.org/wiki/Licensing:CrystalStacker?rd=Licensing/CrystalStacker,spdx,,1,2023-10-12T17:24:18.511878+00:00,2023-10-12T17:24:18.528776+00:00
cube,Cube License,,https://fedoraproject.org/wiki/Licensing/Cube,spdx,,1,2023-10-12T17:24:18.530901+00:00,2023-10-12T17:24:18.565028+00:00
doc,DOC License,,http://www.cs.wustl.edu/~schmidt/ACE-copying.html,spdx,,1,2023-10-12T17:24:18.570414+00:00,2023-10-12T17:24:18.605724+00:00
dsdp,DSDP License,,https://fedoraproject.org/wiki/Licensing/DSDP,spdx,,1,2023-10-12T17:24:18.581145+00:00,2023-10-12T17:24:18.604662+00:00
dsl,Design Science License,,http://www.opendefinition.org/licenses/dsl,,False,1,2023-10-12T17:24:23.154399+00:00,2023-10-12T17:24:23.164551+00:00
d-fsl-1.0,Deutsche Freie Software Lizenz,,http://www.dipp.nrw.de/d-fsl/lizenzen/,spdx,,1,2023-10-12T17:24:18.545942+00:00,2023-10-12T17:24:18.554770+00:00
wtfpl,Do What The F*ck You Want To Public License,,http://www.wtfpl.net/about/,spdx,,1,2023-10-12T17:24:22.636219+00:00,2023-10-12T17:24:22.663288+00:00
dotseqn,Dotseqn License,,https://fedoraproject.org/wiki/Licensing/Dotseqn,spdx,,1,2023-10-12T17:24:18.620651+00:00,2023-10-12T17:24:18.655502+00:00
epics,EPICS Open License,,https://epics.anl.gov/license/open.php,spdx,,1,2023-10-12T17:24:18.714301+00:00,2023-10-12T17:24:18.749434+00:00
eudatagrid,EU DataGrid Software License,,http://eu-datagrid.web.cern.ch/eu-datagrid/license.html,spdx,y,1,2023-10-12T17:24:18.765531+00:00,2023-10-12T17:24:18.789859+00:00
epl-1.0,Eclipse Public License 1.0,,http://www.eclipse.org/legal/epl-v10.html,spdx,y,1,2023-10-12T17:24:18.723547+00:00,2023-10-12T17:24:18.741361+00:00
epl-2.0,Eclipse Public License 2.0,,https://www.eclipse.org/legal/epl-2.0,spdx,y,1,2023-10-12T17:24:18.757965+00:00,2023-10-12T17:24:18.788573+00:00
ecl-1.0,Educational Community License v1.0,,https://opensource.org/licenses/ECL-1.0,spdx,y,1,2023-10-12T17:24:18.620799+00:00,2023-10-12T17:24:18.645163+00:00
ecl-2.0,Educational Community License v2.0,,https://opensource.org/licenses/ECL-2.0,spdx,y,1,2023-10-12T17:24:18.661658+00:00,2023-10-12T17:24:18.670005+00:00
efl-1.0,Eiffel Forum License v1.0,,http://www.eiffel-nice.org/license/forum.txt,spdx,y,1,2023-10-12T17:24:18.670887+00:00,2023-10-12T17:24:18.698399+00:00
efl-2.0,Eiffel Forum License v2.0,,http://www.eiffel-nice.org/license/eiffel-forum-license-2.html,spdx,y,1,2023-10-12T17:24:18.686681+00:00,2023-10-12T17:24:18.707913+00:00
mit-advertising,Enlightenment License (e16),,https://fedoraproject.org/wiki/Licensing/MIT_With_Advertising,spdx,,1,2023-10-12T17:24:20.595282+00:00,2023-10-12T17:24:20.605228+00:00
entessa,Entessa Public License v1.0,,https://opensource.org/licenses/Entessa,spdx,y,1,2023-10-12T17:24:18.850583+00:00,2023-10-12T17:24:18.877712+00:00
erlpl-1.1,Erlang Public License v1.1,,http://www.erlang.org/EPLICENSE,spdx,,1,2023-10-12T17:24:18.894087+00:00,2023-10-12T17:24:18.940020+00:00
etalab-2.0,Etalab Open License 2.0,,https://github.com/DISIC/politique-de-contribution-open-source/blob/master/LICENSE.pdf,spdx,,1,2023-10-12T17:24:22.949868+00:00,2023-10-12T17:24:22.973966+00:00
eurofound,Eurofound license,, http://www.eurofound.europa.eu/legal-and-data-protection-notices ,,False,1,2023-10-12T17:24:23.203529+00:00,2023-10-12T17:24:23.227171+00:00
eupl-1.0,European Union Public License 1.0,,http://ec.europa.eu/idabc/en/document/7330.html,spdx,,1,2023-10-12T17:24:18.807289+00:00,2023-10-12T17:24:18.831321+00:00
eupl-1.1,European Union Public License 1.1,,https://joinup.ec.europa.eu/software/page/eupl/licence-eupl,spdx,y,1,2023-10-12T17:24:18.808129+00:00,2023-10-12T17:24:18.834555+00:00
eupl-1.2,European Union Public License 1.2,,https://joinup.ec.europa.eu/page/eupl-text-11-12,spdx,y,1,2023-10-12T17:24:18.848547+00:00,2023-10-12T17:24:18.878450+00:00
eurosym,Eurosym License,,https://fedoraproject.org/wiki/Licensing/Eurosym,spdx,,1,2023-10-12T17:24:18.895394+00:00,2023-10-12T17:24:18.925287+00:00
fsfap,FSF All Permissive License,,https://www.gnu.org/prep/maintain/html_node/License-Notices-for-Other-Files.html,spdx,,1,2023-10-12T17:24:18.944090+00:00,2023-10-12T17:24:18.983579+00:00
fsful,FSF Unlimited License,,https://fedoraproject.org/wiki/Licensing/FSF_Unlimited_License,spdx,,1,2023-10-12T17:24:18.957678+00:00,2023-10-12T17:24:18.979623+00:00
fsfullr,FSF Unlimited License (with License Retention),,https://fedoraproject.org/wiki/Licensing/FSF_Unlimited_License#License_Retention_Variant,spdx,,1,2023-10-12T17:24:18.995039+00:00,2023-10-12T17:24:19.025608+00:00
fair,Fair License,,http://fairlicense.org/,spdx,y,1,2023-10-12T17:24:19.043150+00:00,2023-10-12T17:24:19.077880+00:00
frameworx-1.0,Frameworx Open License 1.0,,https://opensource.org/licenses/Frameworx-1.0,spdx,y,1,2023-10-12T17:24:19.055207+00:00,2023-10-12T17:24:19.081075+00:00
zenodo-freetoread-1.0,"Free for private use; right holder retains other rights, including distribution",,,,False,1,2023-10-12T17:24:23.435383+00:00,2023-10-12T17:24:23.460915+00:00
freeimage,FreeImage Public License v1.0,,http://freeimage.sourceforge.net/freeimage-license.txt,spdx,,1,2023-10-12T17:24:19.093382+00:00,2023-10-12T17:24:19.102940+00:00
ftl,Freetype Project License,,http://freetype.fis.uniroma2.it/FTL.TXT,spdx,,1,2023-10-12T17:24:19.001250+00:00,2023-10-12T17:24:19.038154+00:00
gl2ps,GL2PS License,,http://www.geuz.org/gl2ps/COPYING.GL2PS,spdx,,1,2023-10-12T17:24:19.541555+00:00,2023-10-12T17:24:19.550986+00:00
agpl-3.0-only,GNU Affero General Public License v3.0 only,,https://www.gnu.org/licenses/agpl.txt,spdx,y,1,2023-10-12T17:24:15.767457+00:00,2023-10-12T17:24:15.811032+00:00
agpl-3.0-or-later,GNU Affero General Public License v3.0 or later,,https://www.gnu.org/licenses/agpl.txt,spdx,y,1,2023-10-12T17:24:15.793654+00:00,2023-10-12T17:24:15.828097+00:00
gfdl-1.1-only,GNU Free Documentation License v1.1 only,,https://www.gnu.org/licenses/old-licenses/fdl-1.1.txt,spdx,,1,2023-10-12T17:24:19.183893+00:00,2023-10-12T17:24:19.223330+00:00
gfdl-1.1-invariants-only,GNU Free Documentation License v1.1 only - invariants,,https://www.gnu.org/licenses/old-licenses/fdl-1.1.txt,spdx,,1,2023-10-12T17:24:19.098994+00:00,2023-10-12T17:24:19.134972+00:00
gfdl-1.1-no-invariants-only,GNU Free Documentation License v1.1 only - no invariants,,https://www.gnu.org/licenses/old-licenses/fdl-1.1.txt,spdx,,1,2023-10-12T17:24:19.154317+00:00,2023-10-12T17:24:19.165000+00:00
gfdl-1.1-or-later,GNU Free Documentation License v1.1 or later,,https://www.gnu.org/licenses/old-licenses/fdl-1.1.txt,spdx,,1,2023-10-12T17:24:19.228361+00:00,2023-10-12T17:24:19.254887+00:00
gfdl-1.1-invariants-or-later,GNU Free Documentation License v1.1 or later - invariants,,https://www.gnu.org/licenses/old-licenses/fdl-1.1.txt,spdx,,1,2023-10-12T17:24:19.120415+00:00,2023-10-12T17:24:19.150885+00:00
gfdl-1.1-no-invariants-or-later,GNU Free Documentation License v1.1 or later - no invariants,,https://www.gnu.org/licenses/old-licenses/fdl-1.1.txt,spdx,,1,2023-10-12T17:24:19.171493+00:00,2023-10-12T17:24:19.209290+00:00
gfdl-1.2-only,GNU Free Documentation License v1.2 only,,https://www.gnu.org/licenses/old-licenses/fdl-1.2.txt,spdx,,1,2023-10-12T17:24:19.332361+00:00,2023-10-12T17:24:19.349729+00:00
gfdl-1.2-invariants-only,GNU Free Documentation License v1.2 only - invariants,,https://www.gnu.org/licenses/old-licenses/fdl-1.2.txt,spdx,,1,2023-10-12T17:24:19.243334+00:00,2023-10-12T17:24:19.278984+00:00
gfdl-1.2-no-invariants-only,GNU Free Documentation License v1.2 only - no invariants,,https://www.gnu.org/licenses/old-licenses/fdl-1.2.txt,spdx,,1,2023-10-12T17:24:19.296052+00:00,2023-10-12T17:24:19.315485+00:00
gfdl-1.2-or-later,GNU Free Documentation License v1.2 or later,,https://www.gnu.org/licenses/old-licenses/fdl-1.2.txt,spdx,,1,2023-10-12T17:24:19.366390+00:00,2023-10-12T17:24:19.393433+00:00
gfdl-1.2-invariants-or-later,GNU Free Documentation License v1.2 or later - invariants,,https://www.gnu.org/licenses/old-licenses/fdl-1.2.txt,spdx,,1,2023-10-12T17:24:19.272333+00:00,2023-10-12T17:24:19.301604+00:00
gfdl-1.2-no-invariants-or-later,GNU Free Documentation License v1.2 or later - no invariants,,https://www.gnu.org/licenses/old-licenses/fdl-1.2.txt,spdx,,1,2023-10-12T17:24:19.333996+00:00,2023-10-12T17:24:19.355239+00:00
gfdl-1.3-only,GNU Free Documentation License v1.3 only,,https://www.gnu.org/licenses/fdl-1.3.txt,spdx,,1,2023-10-12T17:24:19.488234+00:00,2023-10-12T17:24:19.526195+00:00
gfdl-1.3-invariants-only,GNU Free Documentation License v1.3 only - invariants,,https://www.gnu.org/licenses/fdl-1.3.txt,spdx,,1,2023-10-12T17:24:19.371346+00:00,2023-10-12T17:24:19.412891+00:00
gfdl-1.3-no-invariants-only,GNU Free Documentation License v1.3 only - no invariants,,https://www.gnu.org/licenses/fdl-1.3.txt,spdx,,1,2023-10-12T17:24:19.429763+00:00,2023-10-12T17:24:19.471157+00:00
gfdl-1.3-or-later,GNU Free Documentation License v1.3 or later,,https://www.gnu.org/licenses/fdl-1.3.txt,spdx,,1,2023-10-12T17:24:19.498762+00:00,2023-10-12T17:24:19.529763+00:00
gfdl-1.3-invariants-or-later,GNU Free Documentation License v1.3 or later - invariants,,https://www.gnu.org/licenses/fdl-1.3.txt,spdx,,1,2023-10-12T17:24:19.411556+00:00,2023-10-12T17:24:19.445808+00:00
gfdl-1.3-no-invariants-or-later,GNU Free Documentation License v1.3 or later - no invariants,,https://www.gnu.org/licenses/fdl-1.3.txt,spdx,,1,2023-10-12T17:24:19.462083+00:00,2023-10-12T17:24:19.482393+00:00
gpl-1.0-only,GNU General Public License v1.0 only,,https://www.gnu.org/licenses/old-licenses/gpl-1.0-standalone.html,spdx,,1,2023-10-12T17:24:19.566582+00:00,2023-10-12T17:24:19.600660+00:00
gpl-1.0-or-later,GNU General Public License v1.0 or later,,https://www.gnu.org/licenses/old-licenses/gpl-1.0-standalone.html,spdx,,1,2023-10-12T17:24:19.591662+00:00,2023-10-12T17:24:19.605401+00:00
gpl-2.0-only,GNU General Public License v2.0 only,,https://www.gnu.org/licenses/old-licenses/gpl-2.0-standalone.html,spdx,y,1,2023-10-12T17:24:19.616684+00:00,2023-10-12T17:24:19.640089+00:00
gpl-2.0-or-later,GNU General Public License v2.0 or later,,https://www.gnu.org/licenses/old-licenses/gpl-2.0-standalone.html,spdx,y,1,2023-10-12T17:24:19.621383+00:00,2023-10-12T17:24:19.656595+00:00
gpl-3.0-only,GNU General Public License v3.0 only,,https://www.gnu.org/licenses/gpl-3.0-standalone.html,spdx,y,1,2023-10-12T17:24:19.657485+00:00,2023-10-12T17:24:19.681223+00:00
gpl-3.0-or-later,GNU General Public License v3.0 or later,"Permissions of this strong copyleft license are conditioned on making available complete source code of licensed works and modifications, which include larger works using a licensed work, under the same license. Copyright and license notices must be preserved. Contributors provide an express grant of patent rights.",https://www.gnu.org/licenses/gpl-3.0-standalone.html,spdx,y,1,2023-10-12T17:24:19.673448+00:00,2023-10-12T17:24:19.695424+00:00
lgpl-2.1-only,GNU Lesser General Public License v2.1 only,,https://www.gnu.org/licenses/old-licenses/lgpl-2.1-standalone.html,spdx,y,1,2023-10-12T17:24:20.449670+00:00,2023-10-12T17:24:20.494270+00:00
lgpl-2.1-or-later,GNU Lesser General Public License v2.1 or later,,https://www.gnu.org/licenses/old-licenses/lgpl-2.1-standalone.html,spdx,y,1,2023-10-12T17:24:20.499850+00:00,2023-10-12T17:24:20.543435+00:00
lgpl-3.0-only,GNU Lesser General Public License v3.0 only,,https://www.gnu.org/licenses/lgpl-3.0-standalone.html,spdx,y,1,2023-10-12T17:24:20.518505+00:00,2023-10-12T17:24:20.560530+00:00
lgpl-3.0-or-later,GNU Lesser General Public License v3.0 or later,"Permissions of this copyleft license are conditioned on making available complete source code of licensed works and modifications under the same license or the GNU GPLv3. Copyright and license notices must be preserved. Contributors provide an express grant of patent rights. However, a larger work using the licensed work through interfaces provided by the licensed work may be distributed under different terms and without source code for the larger work.",https://www.gnu.org/licenses/lgpl-3.0-standalone.html,spdx,y,1,2023-10-12T17:24:20.572641+00:00,2023-10-12T17:24:20.601713+00:00
lgpl-2.0-only,GNU Library General Public License v2 only,,https://www.gnu.org/licenses/old-licenses/lgpl-2.0-standalone.html,spdx,y,1,2023-10-12T17:24:20.248640+00:00,2023-10-12T17:24:20.289153+00:00
lgpl-2.0-or-later,GNU Library General Public License v2 or later,,https://www.gnu.org/licenses/old-licenses/lgpl-2.0-standalone.html,spdx,y,1,2023-10-12T17:24:20.445851+00:00,2023-10-12T17:24:20.474011+00:00
geogratis,Geogratis Licence Agreement,,http://geogratis.cgdi.gc.ca/geogratis/en/licence.jsp,,False,1,2023-10-12T17:24:23.165182+00:00,2023-10-12T17:24:23.217894+00:00
giftware,Giftware License,,http://liballeg.org/license.html#allegro-4-the-giftware-license,spdx,,1,2023-10-12T17:24:19.697758+00:00,2023-10-12T17:24:19.707391+00:00
glulxe,Glulxe License,,https://fedoraproject.org/wiki/Licensing/Glulxe,spdx,,1,2023-10-12T17:24:19.722479+00:00,2023-10-12T17:24:19.760029+00:00
glwtpl,Good Luck With That Public License,,https://github.com/me-shaon/GLWTPL/commit/da5f6bc734095efbacb442c0b31e33a65b9d6e85,spdx,,1,2023-10-12T17:24:19.545266+00:00,2023-10-12T17:24:19.576009+00:00
htmltidy,HTML Tidy License,,https://github.com/htacg/tidy-html5/blob/next/README/LICENSE.md,spdx,,1,2023-10-12T17:24:19.786470+00:00,2023-10-12T17:24:19.822321+00:00
haskellreport,Haskell Language Report License,,https://fedoraproject.org/wiki/Licensing/Haskell_Language_Report_License,spdx,,1,2023-10-12T17:24:19.829963+00:00,2023-10-12T17:24:19.858279+00:00
hesa-withrights,Higher Education Statistics Agency Copyright with data.gov.uk rights,,,,False,1,2023-10-12T17:24:23.262909+00:00,2023-10-12T17:24:23.278240+00:00
hippocratic-2.1,Hippocratic License 2.1,,https://firstdonoharm.dev/version/2/1/license.html,spdx,,1,2023-10-12T17:24:19.839057+00:00,2023-10-12T17:24:19.869171+00:00
hpnd,Historical Permission Notice and Disclaimer,,https://opensource.org/licenses/HPND,spdx,y,1,2023-10-12T17:24:19.761603+00:00,2023-10-12T17:24:19.771138+00:00
hpnd-sell-variant,Historical Permission Notice and Disclaimer - sell variant,,https://git.kernel.org/pub/scm/linux/kernel/git/torvalds/linux.git/tree/net/sunrpc/auth_gss/gss_generic_token.c?h=v4.19,spdx,,1,2023-10-12T17:24:19.775998+00:00,2023-10-12T17:24:19.813680+00:00
ibm-pibs,IBM PowerPC Initialization and Boot Software,,http://git.denx.de/?p=u-boot.git;a=blob;f=arch/powerpc/cpu/ppc4xx/miiphy.c;h=297155fdafa064b955e53e9832de93bfb0cfb85b;hb=9fab4bf4cc077c21e43941866f3f2c196f28670d,spdx,,1,2023-10-12T17:24:19.873921+00:00,2023-10-12T17:24:19.897910+00:00
ipl-1.0,IBM Public License v1.0,,https://opensource.org/licenses/IPL-1.0,spdx,y,1,2023-10-12T17:24:19.954144+00:00,2023-10-12T17:24:19.971258+00:00
icu,ICU License,,http://source.icu-project.org/repos/icu/icu/trunk/license.html,spdx,,1,2023-10-12T17:24:19.885451+00:00,2023-10-12T17:24:19.924684+00:00
ipa,IPA Font License,,https://opensource.org/licenses/IPA,spdx,y,1,2023-10-12T17:24:19.940788+00:00,2023-10-12T17:24:19.973860+00:00
isc,ISC License,,https://www.isc.org/downloads/software-support-policy/isc-license/,spdx,y,1,2023-10-12T17:24:19.986275+00:00,2023-10-12T17:24:20.023806+00:00
imagemagick,ImageMagick License,,http://www.imagemagick.org/script/license.php,spdx,,1,2023-10-12T17:24:19.988992+00:00,2023-10-12T17:24:20.031867+00:00
imlib2,Imlib2 License,,http://trac.enlightenment.org/e/browser/trunk/imlib2/COPYING,spdx,,1,2023-10-12T17:24:20.043779+00:00,2023-10-12T17:24:20.063280+00:00
ijg,Independent JPEG Group License,,http://dev.w3.org/cvsweb/Amaya/libjpeg/Attic/README?rev=1.2,spdx,,1,2023-10-12T17:24:19.914142+00:00,2023-10-12T17:24:19.938637+00:00
info-zip,Info-ZIP License,,http://www.info-zip.org/license.html,spdx,,1,2023-10-12T17:24:20.050657+00:00,2023-10-12T17:24:20.076071+00:00
intel-acpi,Intel ACPI Software License Agreement,,https://fedoraproject.org/wiki/Licensing/Intel_ACPI_Software_License_Agreement,spdx,,1,2023-10-12T17:24:20.093623+00:00,2023-10-12T17:24:20.128745+00:00
intel,Intel Open Source License,,https://opensource.org/licenses/Intel,spdx,y,1,2023-10-12T17:24:20.080612+00:00,2023-10-12T17:24:20.114701+00:00
interbase-1.0,Interbase Public License v1.0,,https://web.archive.org/web/20060319014854/http://info.borland.com/devsupport/interbase/opensource/IPL.html,spdx,,1,2023-10-12T17:24:20.131492+00:00,2023-10-12T17:24:20.182800+00:00
user-jsim,JSIM Software License,,http://www.physiome.org/jsim/download/license.html,,False,1,2023-10-12T17:24:23.267860+00:00,2023-10-12T17:24:23.282877+00:00
json,JSON License,,http://www.json.org/license.html,spdx,,1,2023-10-12T17:24:20.200664+00:00,2023-10-12T17:24:20.229852+00:00
jabber-osl,Jabber Open Source License,,,,True,1,2023-10-12T17:24:23.213722+00:00,2023-10-12T17:24:23.249149+00:00
jpnic,Japan Network Information Center License,,https://gitlab.isc.org/isc-projects/bind9/blob/master/COPYRIGHT#L366,spdx,,1,2023-10-12T17:24:20.147740+00:00,2023-10-12T17:24:20.185016+00:00
jasper-2.0,JasPer License,,http://www.ece.uvic.ca/~mdadams/jasper/LICENSE,spdx,,1,2023-10-12T17:24:20.244781+00:00,2023-10-12T17:24:20.278914+00:00
lppl-1.0,LaTeX Project Public License v1.0,,http://www.latex-project.org/lppl/lppl-1-0.txt,spdx,,1,2023-10-12T17:24:20.327183+00:00,2023-10-12T17:24:20.361307+00:00
lppl-1.1,LaTeX Project Public License v1.1,,http://www.latex-project.org/lppl/lppl-1-1.txt,spdx,,1,2023-10-12T17:24:20.357556+00:00,2023-10-12T17:24:20.405194+00:00
lppl-1.2,LaTeX Project Public License v1.2,,http://www.latex-project.org/lppl/lppl-1-2.txt,spdx,,1,2023-10-12T17:24:20.422249+00:00,2023-10-12T17:24:20.442116+00:00
lppl-1.3a,LaTeX Project Public License v1.3a,,http://www.latex-project.org/lppl/lppl-1-3a.txt,spdx,,1,2023-10-12T17:24:20.628632+00:00,2023-10-12T17:24:20.688605+00:00
lppl-1.3c,LaTeX Project Public License v1.3c,,http://www.latex-project.org/lppl/lppl-1-3c.txt,spdx,y,1,2023-10-12T17:24:20.627627+00:00,2023-10-12T17:24:20.693541+00:00
latex2e,Latex2e License,,https://fedoraproject.org/wiki/Licensing/Latex2e,spdx,,1,2023-10-12T17:24:20.421638+00:00,2023-10-12T17:24:20.451928+00:00
bsd-3-clause-lbnl,Lawrence Berkeley National Labs BSD variant license,,https://fedoraproject.org/wiki/Licensing/LBNLBSD,spdx,y,1,2023-10-12T17:24:16.553165+00:00,2023-10-12T17:24:16.585219+00:00
leptonica,Leptonica License,,https://fedoraproject.org/wiki/Licensing/Leptonica,spdx,,1,2023-10-12T17:24:20.459399+00:00,2023-10-12T17:24:20.486308+00:00
lgpllr,Lesser General Public License For Linguistic Resources,,http://www-igm.univ-mlv.fr/~unitex/lgpllr.html,spdx,,1,2023-10-12T17:24:20.588881+00:00,2023-10-12T17:24:20.604101+00:00
lal-1.2,Licence Art Libre 1.2,,http://artlibre.org/licence/lal/licence-art-libre-12/,spdx,,1,2023-10-12T17:24:20.247036+00:00,2023-10-12T17:24:20.274507+00:00
lal-1.3,Licence Art Libre 1.3,,https://artlibre.org/,spdx,,1,2023-10-12T17:24:20.242926+00:00,2023-10-12T17:24:20.287464+00:00
liliq-p-1.1,Licence Libre du Québec – Permissive version 1.1,,https://forge.gouv.qc.ca/licence/fr/liliq-v1-1/,spdx,y,1,2023-10-12T17:24:20.467596+00:00,2023-10-12T17:24:20.495365+00:00
liliq-rplus-1.1,Licence Libre du Québec – Réciprocité forte version 1.1,,https://www.forge.gouv.qc.ca/participez/licence-logicielle/licence-libre-du-quebec-liliq-en-francais/licence-libre-du-quebec-reciprocite-forte-liliq-r-v1-1/,spdx,y,1,2023-10-12T17:24:20.512434+00:00,2023-10-12T17:24:20.528312+00:00
liliq-r-1.1,Licence Libre du Québec – Réciprocité version 1.1,,https://www.forge.gouv.qc.ca/participez/licence-logicielle/licence-libre-du-quebec-liliq-en-francais/licence-libre-du-quebec-reciprocite-liliq-r-v1-1/,spdx,y,1,2023-10-12T17:24:20.504212+00:00,2023-10-12T17:24:20.541498+00:00
notspecified,License Not Specified,,,,False,1,2023-10-12T17:24:23.235028+00:00,2023-10-12T17:24:23.259302+00:00
linux-openib,Linux Kernel Variant of OpenIB.org license,,https://git.kernel.org/pub/scm/linux/kernel/git/torvalds/linux.git/tree/drivers/infiniband/core/sa.h,spdx,,1,2023-10-12T17:24:20.558967+00:00,2023-10-12T17:24:20.577229+00:00
localauth-withrights,Local Authority Copyright with data.gov.uk rights,,,,False,1,2023-10-12T17:24:23.266599+00:00,2023-10-12T17:24:23.285215+00:00
lucent-plan9,Lucent Public License (Plan9),,,,True,1,2023-10-12T17:24:23.275892+00:00,2023-10-12T17:24:23.285027+00:00
lpl-1.0,Lucent Public License Version 1.0,,https://opensource.org/licenses/LPL-1.0,spdx,y,1,2023-10-12T17:24:20.291893+00:00,2023-10-12T17:24:20.309177+00:00
lpl-1.02,Lucent Public License v1.02,,http://plan9.bell-labs.com/plan9/license.html,spdx,y,1,2023-10-12T17:24:20.295042+00:00,2023-10-12T17:24:20.321834+00:00
mitnfa,MIT +no-false-attribs license,,https://fedoraproject.org/wiki/Licensing/MITNFA,spdx,,1,2023-10-12T17:24:20.640392+00:00,2023-10-12T17:24:20.668592+00:00
mit,MIT License,"A short and simple permissive license with conditions only requiring preservation of copyright and license notices. Licensed works, modifications, and larger works may be distributed under different terms and without source code.",https://opensource.org/licenses/MIT,spdx,y,1,2023-10-12T17:24:20.716475+00:00,2023-10-12T17:24:20.758570+00:00
mit-0,MIT No Attribution,,https://github.com/aws/mit-0,spdx,y,1,2023-10-12T17:24:20.719737+00:00,2023-10-12T17:24:20.770910+00:00
mit-open-group,MIT Open Group variant,,https://gitlab.freedesktop.org/xorg/app/iceauth/-/blob/master/COPYING,spdx,,1,2023-10-12T17:24:20.785247+00:00,2023-10-12T17:24:20.819749+00:00
mitre,MITRE Collaborative Virtual Workspace License (CVW License),,,,True,1,2023-10-12T17:24:23.304153+00:00,2023-10-12T17:24:23.350524+00:00
makeindex,MakeIndex License,,https://fedoraproject.org/wiki/Licensing/MakeIndex,spdx,,1,2023-10-12T17:24:20.747319+00:00,2023-10-12T17:24:20.767924+00:00
mtll,Matrix Template Library License,,https://fedoraproject.org/wiki/Licensing/Matrix_Template_Library_License,spdx,,1,2023-10-12T17:24:20.853431+00:00,2023-10-12T17:24:20.877437+00:00
met-office-cp,Met Office UK Climate Projections Licence Agreement,,http://www.metoffice.gov.uk/climatechange/science/monitoring/ukcp09/UKCIP08_license_agreement_130709.pdf,,False,1,2023-10-12T17:24:23.306642+00:00,2023-10-12T17:24:23.350519+00:00
ms-pl,Microsoft Public License,,http://www.microsoft.com/opensource/licenses.mspx,spdx,y,1,2023-10-12T17:24:20.846562+00:00,2023-10-12T17:24:20.883636+00:00
ms-rl,Microsoft Reciprocal License,,http://www.microsoft.com/opensource/licenses.mspx,spdx,y,1,2023-10-12T17:24:20.726801+00:00,2023-10-12T17:24:20.746561+00:00
motosoto,Motosoto License,,https://opensource.org/licenses/Motosoto,spdx,y,1,2023-10-12T17:24:20.785795+00:00,2023-10-12T17:24:20.809250+00:00
mpl-1.0,Mozilla Public License 1.0,,http://www.mozilla.org/MPL/MPL-1.0.html,spdx,y,1,2023-10-12T17:24:20.665288+00:00,2023-10-12T17:24:20.703235+00:00
mpl-1.1,Mozilla Public License 1.1,,http://www.mozilla.org/MPL/MPL-1.1.html,spdx,y,1,2023-10-12T17:24:20.800197+00:00,2023-10-12T17:24:20.828028+00:00
mpl-2.0,Mozilla Public License 2.0,,http://www.mozilla.org/MPL/2.0/,spdx,y,1,2023-10-12T17:24:20.686537+00:00,2023-10-12T17:24:20.710021+00:00
mpl-2.0-no-copyleft-exception,Mozilla Public License 2.0 (no copyleft exception),,http://www.mozilla.org/MPL/2.0/,spdx,y,1,2023-10-12T17:24:20.720163+00:00,2023-10-12T17:24:20.729763+00:00
mulanpsl-1.0,"Mulan Permissive Software License, Version 1",,https://license.coscl.org.cn/MulanPSL/,spdx,,1,2023-10-12T17:24:20.905063+00:00,2023-10-12T17:24:20.921433+00:00
mulanpsl-2.0,"Mulan Permissive Software License, Version 2",,https://license.coscl.org.cn/MulanPSL2/,spdx,y,1,2023-10-12T17:24:20.909964+00:00,2023-10-12T17:24:20.930166+00:00
multics,Multics License,,https://opensource.org/licenses/Multics,spdx,y,1,2023-10-12T17:24:20.817441+00:00,2023-10-12T17:24:20.853831+00:00
mup,Mup License,,https://fedoraproject.org/wiki/Licensing/Mup,spdx,,1,2023-10-12T17:24:20.825777+00:00,2023-10-12T17:24:20.864959+00:00
nasa-1.3,NASA Open Source Agreement 1.3,,http://ti.arc.nasa.gov/opensource/nosa/,spdx,y,1,2023-10-12T17:24:20.871448+00:00,2023-10-12T17:24:20.884353+00:00
nist-pd,NIST Public Domain Notice,,https://github.com/tcheneau/simpleRPL/blob/e645e69e38dd4e3ccfeceb2db8cba05b7c2e0cd3/LICENSE.txt,spdx,,1,2023-10-12T17:24:20.928561+00:00,2023-10-12T17:24:20.960674+00:00
nist-pd-fallback,NIST Public Domain Notice with license fallback,,https://github.com/usnistgov/jsip/blob/59700e6926cbe96c5cdae897d9a7d2656b42abe3/LICENSE,spdx,,1,2023-10-12T17:24:20.931330+00:00,2023-10-12T17:24:20.952434+00:00
nrl,NRL License,,http://web.mit.edu/network/isakmp/nrllicense.html,spdx,,1,2023-10-12T17:24:21.101951+00:00,2023-10-12T17:24:21.142813+00:00
ntp,NTP License,,https://opensource.org/licenses/NTP,spdx,y,1,2023-10-12T17:24:21.015190+00:00,2023-10-12T17:24:21.053836+00:00
ntp-0,NTP No Attribution,,https://github.com/tytso/e2fsprogs/blob/master/lib/et/et_name.c,spdx,,1,2023-10-12T17:24:21.043659+00:00,2023-10-12T17:24:21.064713+00:00
naumen,Naumen Public License,,https://opensource.org/licenses/Naumen,spdx,y,1,2023-10-12T17:24:21.072797+00:00,2023-10-12T17:24:21.113403+00:00
nbpl-1.0,Net Boolean Public License v1,,http://www.openldap.org/devel/gitweb.cgi?p=openldap.git;a=blob;f=LICENSE;hb=37b4b3f6cc4bf34e1d3dec61e69914b9819d8894,spdx,,1,2023-10-12T17:24:20.962503+00:00,2023-10-12T17:24:20.986683+00:00
net-snmp,Net-SNMP License,,http://net-snmp.sourceforge.net/about/license.html,spdx,,1,2023-10-12T17:24:21.143603+00:00,2023-10-12T17:24:21.167761+00:00
netcdf,NetCDF license,,http://www.unidata.ucar.edu/software/netcdf/copyright.html,spdx,,1,2023-10-12T17:24:21.171056+00:00,2023-10-12T17:24:21.201031+00:00
ngpl,Nethack General Public License,,https://opensource.org/licenses/NGPL,spdx,y,1,2023-10-12T17:24:20.900708+00:00,2023-10-12T17:24:20.913065+00:00
nosl,Netizen Open Source License,,http://bits.netizen.com.au/licenses/NOSL/nosl.txt,spdx,,1,2023-10-12T17:24:21.029271+00:00,2023-10-12T17:24:21.075284+00:00
npl-1.0,Netscape Public License v1.0,,http://www.mozilla.org/MPL/NPL/1.0/,spdx,,1,2023-10-12T17:24:20.979263+00:00,2023-10-12T17:24:20.998843+00:00
npl-1.1,Netscape Public License v1.1,,http://www.mozilla.org/MPL/NPL/1.1/,spdx,,1,2023-10-12T17:24:20.995201+00:00,2023-10-12T17:24:21.026498+00:00
newsletr,Newsletr License,,https://fedoraproject.org/wiki/Licensing/Newsletr,spdx,,1,2023-10-12T17:24:21.082175+00:00,2023-10-12T17:24:21.118298+00:00
geo-no-fee-unrestricted,No Fee Unrestricted Use License Agreement For Government Geographic Data (Canada),,http://www4.agr.gc.ca/AAFC-AAC/display-afficher.do?id=1226945498401&lang=eng,,False,1,2023-10-12T17:24:23.301099+00:00,2023-10-12T17:24:23.322485+00:00
nlpl,No Limit Public License,,https://fedoraproject.org/wiki/Licensing/NLPL,spdx,,1,2023-10-12T17:24:20.969402+00:00,2023-10-12T17:24:20.978393+00:00
nokia,Nokia Open Source License,,https://opensource.org/licenses/nokia,spdx,y,1,2023-10-12T17:24:21.143138+00:00,2023-10-12T17:24:21.182290+00:00
ncgl-uk-2.0,Non-Commercial Government Licence,,https://github.com/spdx/license-list-XML/blob/master/src/Apache-2.0.xml,spdx,,1,2023-10-12T17:24:20.967727+00:00,2023-10-12T17:24:21.004145+00:00
nposl-3.0,Non-Profit Open Software License 3.0,,https://opensource.org/licenses/NOSL3.0,spdx,y,1,2023-10-12T17:24:21.075396+00:00,2023-10-12T17:24:21.118479+00:00
nlod-1.0,Norwegian Licence for Open Government Data,,http://data.norge.no/nlod/en/1.0,spdx,,1,2023-10-12T17:24:21.011762+00:00,2023-10-12T17:24:21.049495+00:00
noweb,Noweb License,,https://fedoraproject.org/wiki/Licensing/Noweb,spdx,,1,2023-10-12T17:24:21.193265+00:00,2023-10-12T17:24:21.207965+00:00
oclc-2.0,OCLC Research Public License 2.0,,http://www.oclc.org/research/activities/software/license/v2final.htm,spdx,y,1,2023-10-12T17:24:21.198679+00:00,2023-10-12T17:24:21.219774+00:00
odbl-1.0,ODC Open Database License v1.0,,http://www.opendatacommons.org/licenses/odbl/1.0/,spdx,,1,2023-10-12T17:24:21.244712+00:00,2023-10-12T17:24:21.269887+00:00
pddl-1.0,ODC Public Domain Dedication & License 1.0,,http://opendatacommons.org/licenses/pddl/1.0/,spdx,,1,2023-10-12T17:24:21.725598+00:00,2023-10-12T17:24:21.771969+00:00
ogc-1.0,"OGC Software License, Version 1.0",,https://www.ogc.org/ogc/software/1.0,spdx,,1,2023-10-12T17:24:21.357021+00:00,2023-10-12T17:24:21.380607+00:00
oset-pl-2.1,OSET Public License version 2.1,,http://www.osetfoundation.org/public-license,spdx,y,1,2023-10-12T17:24:21.612598+00:00,2023-10-12T17:24:21.630906+00:00
occt-pl,Open CASCADE Technology Public License,,http://www.opencascade.com/content/occt-public-license,spdx,,1,2023-10-12T17:24:21.144840+00:00,2023-10-12T17:24:21.183561+00:00
odc-by-1.0,Open Data Commons Attribution License v1.0,,https://opendatacommons.org/licenses/by/1.0/,spdx,,1,2023-10-12T17:24:21.200888+00:00,2023-10-12T17:24:21.227054+00:00
ogl-canada-2.0,Open Government Licence - Canada,,https://open.canada.ca/en/open-government-licence-canada,spdx,,1,2023-10-12T17:24:21.375158+00:00,2023-10-12T17:24:21.408670+00:00
ogl-uk-1.0,Open Government Licence v1.0,,http://www.nationalarchives.gov.uk/doc/open-government-licence/version/1/,spdx,,1,2023-10-12T17:24:21.321357+00:00,2023-10-12T17:24:21.352606+00:00
ogl-uk-2.0,Open Government Licence v2.0,,http://www.nationalarchives.gov.uk/doc/open-government-licence/version/2/,spdx,,1,2023-10-12T17:24:21.327290+00:00,2023-10-12T17:24:21.351965+00:00
ogl-uk-3.0,Open Government Licence v3.0,,http://www.nationalarchives.gov.uk/doc/open-government-licence/version/3/,spdx,,1,2023-10-12T17:24:21.403788+00:00,2023-10-12T17:24:21.444641+00:00
ogtsl,Open Group Test Suite License,,http://www.opengroup.org/testing/downloads/The_Open_Group_TSL.txt,spdx,y,1,2023-10-12T17:24:21.442873+00:00,2023-10-12T17:24:21.472582+00:00
oldap-2.2.2,Open LDAP Public License 2.2.2,,http://www.openldap.org/devel/gitweb.cgi?p=openldap.git;a=blob;f=LICENSE;hb=df2cc1e21eb7c160695f5b7cffd6296c151ba188,spdx,,1,2023-10-12T17:24:21.557794+00:00,2023-10-12T17:24:21.580588+00:00
oldap-1.1,Open LDAP Public License v1.1,,http://www.openldap.org/devel/gitweb.cgi?p=openldap.git;a=blob;f=LICENSE;hb=806557a5ad59804ef3a44d5abfbe91d706b0791f,spdx,,1,2023-10-12T17:24:21.370564+00:00,2023-10-12T17:24:21.380676+00:00
oldap-1.2,Open LDAP Public License v1.2,,http://www.openldap.org/devel/gitweb.cgi?p=openldap.git;a=blob;f=LICENSE;hb=42b0383c50c299977b5893ee695cf4e486fb0dc7,spdx,,1,2023-10-12T17:24:21.370624+00:00,2023-10-12T17:24:21.398627+00:00
oldap-1.3,Open LDAP Public License v1.3,,http://www.openldap.org/devel/gitweb.cgi?p=openldap.git;a=blob;f=LICENSE;hb=e5f8117f0ce088d0bd7a8e18ddf37eaa40eb09b1,spdx,,1,2023-10-12T17:24:21.470083+00:00,2023-10-12T17:24:21.513209+00:00
oldap-1.4,Open LDAP Public License v1.4,,http://www.openldap.org/devel/gitweb.cgi?p=openldap.git;a=blob;f=LICENSE;hb=c9f95c2f3f2ffb5e0ae55fe7388af75547660941,spdx,,1,2023-10-12T17:24:21.499159+00:00,2023-10-12T17:24:21.531662+00:00
oldap-2.0,Open LDAP Public License v2.0 (or possibly 2.0A and 2.0B),,http://www.openldap.org/devel/gitweb.cgi?p=openldap.git;a=blob;f=LICENSE;hb=cbf50f4e1185a21abd4c0a54d3f4341fe28f36ea,spdx,,1,2023-10-12T17:24:21.399121+00:00,2023-10-12T17:24:21.422706+00:00
oldap-2.0.1,Open LDAP Public License v2.0.1,,http://www.openldap.org/devel/gitweb.cgi?p=openldap.git;a=blob;f=LICENSE;hb=b6d68acd14e51ca3aab4428bf26522aa74873f0e,spdx,,1,2023-10-12T17:24:21.418367+00:00,2023-10-12T17:24:21.452308+00:00
oldap-2.1,Open LDAP Public License v2.1,,http://www.openldap.org/devel/gitweb.cgi?p=openldap.git;a=blob;f=LICENSE;hb=b0d176738e96a0d3b9f85cb51e140a86f21be715,spdx,,1,2023-10-12T17:24:21.440489+00:00,2023-10-12T17:24:21.474939+00:00
oldap-2.2,Open LDAP Public License v2.2,,http://www.openldap.org/devel/gitweb.cgi?p=openldap.git;a=blob;f=LICENSE;hb=470b0c18ec67621c85881b2733057fecf4a1acc3,spdx,,1,2023-10-12T17:24:21.468192+00:00,2023-10-12T17:24:21.476917+00:00
oldap-2.2.1,Open LDAP Public License v2.2.1,,http://www.openldap.org/devel/gitweb.cgi?p=openldap.git;a=blob;f=LICENSE;hb=4bc786f34b50aa301be6f5600f58a980070f481e,spdx,,1,2023-10-12T17:24:21.538664+00:00,2023-10-12T17:24:21.566298+00:00
oldap-2.3,Open LDAP Public License v2.3,,http://www.openldap.org/devel/gitweb.cgi?p=openldap.git;a=blob;f=LICENSE;hb=d32cf54a32d581ab475d23c810b0a7fbaf8d63c3,spdx,,1,2023-10-12T17:24:21.493887+00:00,2023-10-12T17:24:21.538168+00:00
oldap-2.4,Open LDAP Public License v2.4,,http://www.openldap.org/devel/gitweb.cgi?p=openldap.git;a=blob;f=LICENSE;hb=cd1284c4a91a8a380d904eee68d1583f989ed386,spdx,,1,2023-10-12T17:24:21.493502+00:00,2023-10-12T17:24:21.530602+00:00
oldap-2.5,Open LDAP Public License v2.5,,http://www.openldap.org/devel/gitweb.cgi?p=openldap.git;a=blob;f=LICENSE;hb=6852b9d90022e8593c98205413380536b1b5a7cf,spdx,,1,2023-10-12T17:24:21.590940+00:00,2023-10-12T17:24:21.621613+00:00
oldap-2.6,Open LDAP Public License v2.6,,http://www.openldap.org/devel/gitweb.cgi?p=openldap.git;a=blob;f=LICENSE;hb=1cae062821881f41b73012ba816434897abf4205,spdx,,1,2023-10-12T17:24:21.549794+00:00,2023-10-12T17:24:21.594323+00:00
oldap-2.7,Open LDAP Public License v2.7,,http://www.openldap.org/devel/gitweb.cgi?p=openldap.git;a=blob;f=LICENSE;hb=47c2415c1df81556eeb39be6cad458ef87c534a2,spdx,,1,2023-10-12T17:24:21.556828+00:00,2023-10-12T17:24:21.573925+00:00
oldap-2.8,Open LDAP Public License v2.8,,http://www.openldap.org/software/release/license.html,spdx,y,1,2023-10-12T17:24:21.605939+00:00,2023-10-12T17:24:21.641483+00:00
oml,Open Market License,,https://fedoraproject.org/wiki/Licensing/Open_Market_License,spdx,,1,2023-10-12T17:24:21.591638+00:00,2023-10-12T17:24:21.614798+00:00
opl-1.0,Open Public License v1.0,,http://old.koalateam.com/jackaroo/OPL_1_0.TXT,spdx,,1,2023-10-12T17:24:21.647464+00:00,2023-10-12T17:24:21.667034+00:00
osl-1.0,Open Software License 1.0,,https://opensource.org/licenses/OSL-1.0,spdx,y,1,2023-10-12T17:24:21.667170+00:00,2023-10-12T17:24:21.700072+00:00
osl-1.1,Open Software License 1.1,,https://fedoraproject.org/wiki/Licensing/OSL1.1,spdx,,1,2023-10-12T17:24:21.632461+00:00,2023-10-12T17:24:21.657606+00:00
osl-2.0,Open Software License 2.0,,http://web.archive.org/web/20041020171434/http://www.rosenlaw.com/osl2.0.html,spdx,y,1,2023-10-12T17:24:21.692203+00:00,2023-10-12T17:24:21.737746+00:00
osl-2.1,Open Software License 2.1,,http://web.archive.org/web/20050212003940/http://www.rosenlaw.com/osl21.htm,spdx,y,1,2023-10-12T17:24:21.648435+00:00,2023-10-12T17:24:21.671160+00:00
osl-3.0,Open Software License 3.0,,https://web.archive.org/web/20120101081418/http://rosenlaw.com:80/OSL3.0.htm,spdx,y,1,2023-10-12T17:24:21.675402+00:00,2023-10-12T17:24:21.722642+00:00
o-uda-1.0,Open Use of Data Agreement v1.0,,https://github.com/microsoft/Open-Use-of-Data-Agreement/blob/v1.0/O-UDA-1.0.md,spdx,,1,2023-10-12T17:24:21.242075+00:00,2023-10-12T17:24:21.288252+00:00
openssl,OpenSSL License,,http://www.openssl.org/source/license.html,spdx,,1,2023-10-12T17:24:21.686985+00:00,2023-10-12T17:24:21.708926+00:00
other-at,Other (Attribution),,,,False,1,2023-10-12T17:24:23.300964+00:00,2023-10-12T17:24:23.322314+00:00
other-nc,Other (Non-Commercial),,,,False,1,2023-10-12T17:24:23.376579+00:00,2023-10-12T17:24:23.399042+00:00
other-closed,Other (Not Open),,,,False,1,2023-10-12T17:24:23.376434+00:00,2023-10-12T17:24:23.398482+00:00
other-open,Other (Open),,,,False,1,2023-10-12T17:24:23.449217+00:00,2023-10-12T17:24:23.474938+00:00
other-pd,Other (Public Domain),,,,False,1,2023-10-12T17:24:23.443738+00:00,2023-10-12T17:24:23.484135+00:00
php-3.0,PHP License v3.0,,http://www.php.net/license/3_0.txt,spdx,y,1,2023-10-12T17:24:21.762362+00:00,2023-10-12T17:24:21.790439+00:00
php-3.01,PHP License v3.01,,http://www.php.net/license/3_01.txt,spdx,y,1,2023-10-12T17:24:21.725119+00:00,2023-10-12T17:24:21.758202+00:00
libpng-2.0,PNG Reference Library version 2,,http://www.libpng.org/pub/png/src/libpng-LICENSE.txt,spdx,,1,2023-10-12T17:24:22.990762+00:00,2023-10-12T17:24:23.015531+00:00
plexus,Plexus Classworlds License,,https://fedoraproject.org/wiki/Licensing/Plexus_Classworlds_License,spdx,,1,2023-10-12T17:24:21.774606+00:00,2023-10-12T17:24:21.792864+00:00
polyform-noncommercial-1.0.0,PolyForm Noncommercial License 1.0.0,,https://polyformproject.org/licenses/noncommercial/1.0.0,spdx,,1,2023-10-12T17:24:21.857483+00:00,2023-10-12T17:24:21.873326+00:00
polyform-small-business-1.0.0,PolyForm Small Business License 1.0.0,,https://polyformproject.org/licenses/small-business/1.0.0,spdx,,1,2023-10-12T17:24:21.779160+00:00,2023-10-12T17:24:21.812442+00:00
postgresql,PostgreSQL License,,http://www.postgresql.org/about/licence,spdx,y,1,2023-10-12T17:24:21.808954+00:00,2023-10-12T17:24:21.817771+00:00
python-2.0,Python License 2.0,,https://opensource.org/licenses/Python-2.0,spdx,y,1,2023-10-12T17:24:21.880083+00:00,2023-10-12T17:24:21.906564+00:00
psf-2.0,Python Software Foundation License 2.0,,https://opensource.org/licenses/Python-2.0,spdx,,1,2023-10-12T17:24:21.797940+00:00,2023-10-12T17:24:21.832031+00:00
qpl-1.0,Q Public License 1.0,,http://doc.qt.nokia.com/3.3/license.html,spdx,y,1,2023-10-12T17:24:21.829401+00:00,2023-10-12T17:24:21.885006+00:00
qhull,Qhull License,,https://fedoraproject.org/wiki/Licensing/Qhull,spdx,,1,2023-10-12T17:24:21.898332+00:00,2023-10-12T17:24:21.945519+00:00
qtpl,Qt Public License (QPL),,http://www.opensource.org/licenses/qtpl.php,,True,1,2023-10-12T17:24:23.339979+00:00,2023-10-12T17:24:23.364506+00:00
rsa-md,RSA Message-Digest License,,http://www.faqs.org/rfcs/rfc1321.html,spdx,,1,2023-10-12T17:24:21.901460+00:00,2023-10-12T17:24:22.013632+00:00
rdisc,Rdisc License,,https://fedoraproject.org/wiki/Licensing/Rdisc_License,spdx,,1,2023-10-12T17:24:22.002162+00:00,2023-10-12T17:24:22.025776+00:00
rpsl-1.0,RealNetworks Public Source License v1.0,,https://helixcommunity.org/content/rpsl,spdx,y,1,2023-10-12T17:24:21.970030+00:00,2023-10-12T17:24:21.999474+00:00
rpl-1.1,Reciprocal Public License 1.1,,https://opensource.org/licenses/RPL-1.1,spdx,y,1,2023-10-12T17:24:21.897274+00:00,2023-10-12T17:24:21.929702+00:00
rpl-1.5,Reciprocal Public License 1.5,,https://opensource.org/licenses/RPL-1.5,spdx,y,1,2023-10-12T17:24:21.929927+00:00,2023-10-12T17:24:21.977628+00:00
rhecos-1.1,Red Hat eCos Public License v1.1,,http://ecos.sourceware.org/old-license.html,spdx,,1,2023-10-12T17:24:21.832082+00:00,2023-10-12T17:24:21.881822+00:00
rscpl,Ricoh Source Code Public License,,http://wayback.archive.org/web/20060715140826/http://www.risource.org/RPL/RPL-1.0A.shtml,spdx,y,1,2023-10-12T17:24:21.944977+00:00,2023-10-12T17:24:21.967473+00:00
ruby,Ruby License,,http://www.ruby-lang.org/en/LICENSE.txt,spdx,,1,2023-10-12T17:24:21.982684+00:00,2023-10-12T17:24:22.005103+00:00
scea,SCEA Shared Source License,,http://research.scea.com/scea_shared_source_license.html,spdx,,1,2023-10-12T17:24:22.024181+00:00,2023-10-12T17:24:22.071010+00:00
sgi-b-1.0,SGI Free Software License B v1.0,,http://oss.sgi.com/projects/FreeB/SGIFreeSWLicB.1.0.html,spdx,,1,2023-10-12T17:24:22.029242+00:00,2023-10-12T17:24:22.049425+00:00
sgi-b-1.1,SGI Free Software License B v1.1,,http://oss.sgi.com/projects/FreeB/,spdx,,1,2023-10-12T17:24:22.048088+00:00,2023-10-12T17:24:22.079225+00:00
sgi-b-2.0,SGI Free Software License B v2.0,,http://oss.sgi.com/projects/FreeB/SGIFreeSWLicB.2.0.pdf,spdx,,1,2023-10-12T17:24:22.064106+00:00,2023-10-12T17:24:22.088263+00:00
ofl-1.0,SIL Open Font License 1.0,,http://scripts.sil.org/cms/scripts/page.php?item_id=OFL10_web,spdx,,1,2023-10-12T17:24:21.235898+00:00,2023-10-12T17:24:21.262130+00:00
ofl-1.0-rfn,SIL Open Font License 1.0 with Reserved Font Name,,http://scripts.sil.org/cms/scripts/page.php?item_id=OFL10_web,spdx,,1,2023-10-12T17:24:21.295326+00:00,2023-10-12T17:24:21.329985+00:00
ofl-1.0-no-rfn,SIL Open Font License 1.0 with no Reserved Font Name,,http://scripts.sil.org/cms/scripts/page.php?item_id=OFL10_web,spdx,,1,2023-10-12T17:24:21.243794+00:00,2023-10-12T17:24:21.270005+00:00
ofl-1.1,SIL Open Font License 1.1,,http://scripts.sil.org/cms/scripts/page.php?item_id=OFL_web,spdx,y,1,2023-10-12T17:24:21.278894+00:00,2023-10-12T17:24:21.304971+00:00
ofl-1.1-rfn,SIL Open Font License 1.1 with Reserved Font Name,,http://scripts.sil.org/cms/scripts/page.php?item_id=OFL_web,spdx,y,1,2023-10-12T17:24:21.315051+00:00,2023-10-12T17:24:21.349913+00:00
ofl-1.1-no-rfn,SIL Open Font License 1.1 with no Reserved Font Name,,http://scripts.sil.org/cms/scripts/page.php?item_id=OFL_web,spdx,y,1,2023-10-12T17:24:21.287033+00:00,2023-10-12T17:24:21.311147+00:00
snia,SNIA Public License 1.1,,https://fedoraproject.org/wiki/Licensing/SNIA_Public_License,spdx,,1,2023-10-12T17:24:22.152909+00:00,2023-10-12T17:24:22.179219+00:00
blessing,SQLite Blessing,,https://www.sqlite.org/src/artifact/e33a4df7e32d742a?ln=4-9,spdx,,1,2023-10-12T17:24:22.854389+00:00,2023-10-12T17:24:22.872371+00:00
ssh-openssh,SSH OpenSSH license,,https://github.com/openssh/openssh-portable/blob/1b11ea7c58cd5c59838b5fa574cd456d6047b2d4/LICENCE#L10,spdx,,1,2023-10-12T17:24:22.191752+00:00,2023-10-12T17:24:22.232149+00:00
ssh-short,SSH short notice,,https://github.com/openssh/openssh-portable/blob/1b11ea7c58cd5c59838b5fa574cd456d6047b2d4/pathnames.h,spdx,,1,2023-10-12T17:24:22.169076+00:00,2023-10-12T17:24:22.176916+00:00
sax-pd,Sax Public Domain Notice,,http://www.saxproject.org/copying.html,spdx,,1,2023-10-12T17:24:22.019811+00:00,2023-10-12T17:24:22.049492+00:00
saxpath,Saxpath License,,https://fedoraproject.org/wiki/Licensing/Saxpath_License,spdx,,1,2023-10-12T17:24:22.249848+00:00,2023-10-12T17:24:22.275714+00:00
swl,Scheme Widget Library (SWL) Software License Agreement,,https://fedoraproject.org/wiki/Licensing/SWL,spdx,,1,2023-10-12T17:24:22.186706+00:00,2023-10-12T17:24:22.205195+00:00
smppl,Secure Messaging Protocol Public License,,https://github.com/dcblake/SMP/blob/master/Documentation/License.txt,spdx,,1,2023-10-12T17:24:22.102079+00:00,2023-10-12T17:24:22.120293+00:00
sendmail,Sendmail License,,http://www.sendmail.com/pdfs/open_source/sendmail_license.pdf,spdx,,1,2023-10-12T17:24:22.191557+00:00,2023-10-12T17:24:22.240645+00:00
sendmail-8.23,Sendmail License 8.23,,https://www.proofpoint.com/sites/default/files/sendmail-license.pdf,spdx,,1,2023-10-12T17:24:22.255043+00:00,2023-10-12T17:24:22.280386+00:00
sspl-1.0,"Server Side Public License, v 1",,https://www.mongodb.com/licensing/server-side-public-license,spdx,,1,2023-10-12T17:24:22.202091+00:00,2023-10-12T17:24:22.226092+00:00
simpl-2.0,Simple Public License 2.0,,https://opensource.org/licenses/SimPL-2.0,spdx,y,1,2023-10-12T17:24:22.221192+00:00,2023-10-12T17:24:22.235499+00:00
sleepycat,Sleepycat License,,https://opensource.org/licenses/Sleepycat,spdx,y,1,2023-10-12T17:24:22.250751+00:00,2023-10-12T17:24:22.268102+00:00
shl-0.5,Solderpad Hardware License v0.5,,https://solderpad.org/licenses/SHL-0.5/,spdx,,1,2023-10-12T17:24:22.064784+00:00,2023-10-12T17:24:22.087265+00:00
shl-0.51,"Solderpad Hardware License, Version 0.51",,https://solderpad.org/licenses/SHL-0.51/,spdx,,1,2023-10-12T17:24:22.095576+00:00,2023-10-12T17:24:22.126013+00:00
spencer-86,Spencer License 86,,https://fedoraproject.org/wiki/Licensing/Henry_Spencer_Reg-Ex_Library_License,spdx,,1,2023-10-12T17:24:22.298757+00:00,2023-10-12T17:24:22.327376+00:00
spencer-94,Spencer License 94,,https://fedoraproject.org/wiki/Licensing/Henry_Spencer_Reg-Ex_Library_License,spdx,,1,2023-10-12T17:24:22.303733+00:00,2023-10-12T17:24:22.334303+00:00
spencer-99,Spencer License 99,,http://www.opensource.apple.com/source/tcl/tcl-5/tcl/generic/regfronts.c,spdx,,1,2023-10-12T17:24:22.256020+00:00,2023-10-12T17:24:22.272035+00:00
smlnj,Standard ML of New Jersey License,,https://www.smlnj.org/license.html,spdx,,1,2023-10-12T17:24:22.102110+00:00,2023-10-12T17:24:22.170658+00:00
dli-model-use,Statistics Canada: Data Liberation Initiative (DLI) - Model Data Use Licence,,,,False,1,2023-10-12T17:24:23.340331+00:00,2023-10-12T17:24:23.368310+00:00
sugarcrm-1.1.3,SugarCRM Public License v1.1.3,,http://www.sugarcrm.com/crm/SPL,spdx,,1,2023-10-12T17:24:22.283689+00:00,2023-10-12T17:24:22.297480+00:00
sissl,Sun Industry Standards Source License v1.1,,http://www.openoffice.org/licenses/sissl_license.html,spdx,y,1,2023-10-12T17:24:22.102677+00:00,2023-10-12T17:24:22.129266+00:00
sissl-1.2,Sun Industry Standards Source License v1.2,,http://gridscheduler.sourceforge.net/Gridengine_SISSL_license.html,spdx,,1,2023-10-12T17:24:22.153241+00:00,2023-10-12T17:24:22.168670+00:00
spl-1.0,Sun Public License v1.0,,https://opensource.org/licenses/SPL-1.0,spdx,y,1,2023-10-12T17:24:22.135578+00:00,2023-10-12T17:24:22.153099+00:00
watcom-1.0,Sybase Open Watcom Public License 1.0,,https://opensource.org/licenses/Watcom-1.0,spdx,y,1,2023-10-12T17:24:22.642424+00:00,2023-10-12T17:24:22.729595+00:00
tapr-ohl-1.0,TAPR Open Hardware License v1.0,,https://www.tapr.org/OHL,spdx,,1,2023-10-12T17:24:22.286528+00:00,2023-10-12T17:24:22.390328+00:00
tcl,TCL/TK License,,http://www.tcl.tk/software/tcltk/license.html,spdx,,1,2023-10-12T17:24:22.351978+00:00,2023-10-12T17:24:22.380650+00:00
tcp-wrappers,TCP Wrappers License,,http://rc.quest.com/topics/openssh/license.php#tcpwrappers,spdx,,1,2023-10-12T17:24:22.360971+00:00,2023-10-12T17:24:22.389708+00:00
tmate,TMate Open Source License,,http://svnkit.com/license.html,spdx,,1,2023-10-12T17:24:22.312797+00:00,2023-10-12T17:24:22.335152+00:00
torque-1.1,TORQUE v2.5+ Software License v1.1,,https://fedoraproject.org/wiki/Licensing/TORQUEv1.1,spdx,,1,2023-10-12T17:24:22.349932+00:00,2023-10-12T17:24:22.358575+00:00
tu-berlin-1.0,Technische Universitaet Berlin License 1.0,,https://github.com/swh/ladspa/blob/7bf6f3799fdba70fda297c2d8fd9f526803d9680/gsm/COPYRIGHT,spdx,,1,2023-10-12T17:24:22.373714+00:00,2023-10-12T17:24:22.390883+00:00
tu-berlin-2.0,Technische Universitaet Berlin License 2.0,,https://github.com/CorsixTH/deps/blob/fd339a9f526d1d9c9f01ccf39e438a015da50035/licences/libgsm.txt,spdx,,1,2023-10-12T17:24:22.413099+00:00,2023-10-12T17:24:22.445321+00:00
miros,The MirOS Licence,,https://opensource.org/licenses/MirOS,spdx,y,1,2023-10-12T17:24:20.764747+00:00,2023-10-12T17:24:20.799282+00:00
parity-6.0.0,The Parity Public License 6.0.0,,https://paritylicense.com/versions/6.0.0.html,spdx,,1,2023-10-12T17:24:21.741373+00:00,2023-10-12T17:24:21.762581+00:00
parity-7.0.0,The Parity Public License 7.0.0,,https://paritylicense.com/versions/7.0.0.html,spdx,,1,2023-10-12T17:24:21.817082+00:00,2023-10-12T17:24:21.855594+00:00
unlicense,The Unlicense,,https://unlicense.org/,spdx,y,1,2023-10-12T17:24:22.446148+00:00,2023-10-12T17:24:22.480839+00:00
tosl,Trusster Open Source License,,https://fedoraproject.org/wiki/Licensing/TOSL,spdx,,1,2023-10-12T17:24:22.403838+00:00,2023-10-12T17:24:22.433143+00:00
ukclickusepsi,UK Click Use PSI,,,,False,1,2023-10-12T17:24:23.397646+00:00,2023-10-12T17:24:23.418071+00:00
ukcrown,UK Crown Copyright,,,,False,1,2023-10-12T17:24:23.501882+00:00,2023-10-12T17:24:23.547207+00:00
ukcrown-withrights,UK Crown Copyright with data.gov.uk rights,,,,False,1,2023-10-12T17:24:23.385302+00:00,2023-10-12T17:24:23.416749+00:00
ukpsi,UK PSI Public Sector Information,,http://www.opendefinition.org/licenses/ukpsi,,False,1,2023-10-12T17:24:23.509197+00:00,2023-10-12T17:24:23.548477+00:00
unicode-dfs-2015,Unicode License Agreement - Data Files and Software (2015),,https://web.archive.org/web/20151224134844/http://unicode.org/copyright.html,spdx,,1,2023-10-12T17:24:22.406552+00:00,2023-10-12T17:24:22.430473+00:00
unicode-dfs-2016,Unicode License Agreement - Data Files and Software (2016),,http://www.unicode.org/copyright.html,spdx,y,1,2023-10-12T17:24:22.470875+00:00,2023-10-12T17:24:22.486526+00:00
unicode-tou,Unicode Terms of Use,,http://www.unicode.org/copyright.html,spdx,,1,2023-10-12T17:24:22.445448+00:00,2023-10-12T17:24:22.490651+00:00
upl-1.0,Universal Permissive License v1.0,,https://opensource.org/licenses/UPL,spdx,y,1,2023-10-12T17:24:22.462479+00:00,2023-10-12T17:24:22.562663+00:00
ncsa,University of Illinois/NCSA Open Source License,,http://otm.illinois.edu/uiuc_openSource,spdx,y,1,2023-10-12T17:24:20.882028+00:00,2023-10-12T17:24:20.915201+00:00
ucl-1.0,Upstream Compatibility License v1.0,,https://opensource.org/licenses/UCL-1.0,spdx,y,1,2023-10-12T17:24:22.406005+00:00,2023-10-12T17:24:22.429398+00:00
vostrom,VOSTROM Public License for Open Source,,https://fedoraproject.org/wiki/Licensing/VOSTROM,spdx,,1,2023-10-12T17:24:22.496600+00:00,2023-10-12T17:24:22.624315+00:00
vim,Vim License,,http://vimdoc.sourceforge.net/htmldoc/uganda.html,spdx,,1,2023-10-12T17:24:22.587865+00:00,2023-10-12T17:24:22.611659+00:00
vsl-1.0,Vovida Software License v1.0,,https://opensource.org/licenses/VSL-1.0,spdx,y,1,2023-10-12T17:24:22.512091+00:00,2023-10-12T17:24:22.607526+00:00
w3c-20150513,W3C Software Notice and Document License (2015-05-13),,https://www.w3.org/Consortium/Legal/2015/copyright-software-and-document,spdx,,1,2023-10-12T17:24:22.551028+00:00,2023-10-12T17:24:22.625879+00:00
w3c-19980720,W3C Software Notice and License (1998-07-20),,http://www.w3.org/Consortium/Legal/copyright-software-19980720.html,spdx,,1,2023-10-12T17:24:22.634883+00:00,2023-10-12T17:24:22.698666+00:00
w3c,W3C Software Notice and License (2002-12-31),,http://www.w3.org/Consortium/Legal/2002/copyright-software-20021231.html,spdx,y,1,2023-10-12T17:24:22.505460+00:00,2023-10-12T17:24:22.535770+00:00
wsuipa,Wsuipa License,,https://fedoraproject.org/wiki/Licensing/Wsuipa,spdx,,1,2023-10-12T17:24:22.688862+00:00,2023-10-12T17:24:22.742782+00:00
xnet,X.Net License,,https://opensource.org/licenses/Xnet,spdx,y,1,2023-10-12T17:24:22.772968+00:00,2023-10-12T17:24:22.813897+00:00
x11,X11 License,,http://www.xfree86.org/3.3.6/COPYRIGHT2.html#3,spdx,,1,2023-10-12T17:24:22.642064+00:00,2023-10-12T17:24:22.677995+00:00
xfree86-1.1,XFree86 License 1.1,,http://www.xfree86.org/current/LICENSE4.html,spdx,,1,2023-10-12T17:24:22.694563+00:00,2023-10-12T17:24:22.762133+00:00
xpp,XPP License,,https://fedoraproject.org/wiki/Licensing/xpp,spdx,,1,2023-10-12T17:24:23.117436+00:00,2023-10-12T17:24:23.147538+00:00
xskat,XSkat License,,https://fedoraproject.org/wiki/Licensing/XSkat_License,spdx,,1,2023-10-12T17:24:22.724902+00:00,2023-10-12T17:24:22.752848+00:00
xerox,Xerox License,,https://fedoraproject.org/wiki/Licensing/Xerox,spdx,,1,2023-10-12T17:24:22.747082+00:00,2023-10-12T17:24:22.756456+00:00
ypl-1.0,Yahoo! Public License v1.0,,http://www.zimbra.com/license/yahoo_public_license_1.0.html,spdx,,1,2023-10-12T17:24:22.767318+00:00,2023-10-12T17:24:22.814371+00:00
ypl-1.1,Yahoo! Public License v1.1,,http://www.zimbra.com/license/yahoo_public_license_1.1.html,spdx,,1,2023-10-12T17:24:22.777357+00:00,2023-10-12T17:24:22.806559+00:00
zed,Zed License,,https://fedoraproject.org/wiki/Licensing/Zed,spdx,,1,2023-10-12T17:24:22.830592+00:00,2023-10-12T17:24:22.839400+00:00
zend-2.0,Zend License v2.0,,https://web.archive.org/web/20130517195954/http://www.zend.com/license/2_00.txt,spdx,,1,2023-10-12T17:24:22.844269+00:00,2023-10-12T17:24:22.858413+00:00
zimbra-1.3,Zimbra Public License v1.3,,http://web.archive.org/web/20100302225219/http://www.zimbra.com/license/zimbra-public-license-1-3.html,spdx,,1,2023-10-12T17:24:22.882876+00:00,2023-10-12T17:24:22.921565+00:00
zimbra-1.4,Zimbra Public License v1.4,,http://www.zimbra.com/legal/zimbra-public-license-1-4,spdx,,1,2023-10-12T17:24:22.882684+00:00,2023-10-12T17:24:22.906537+00:00
zpl-1.1,Zope Public License 1.1,,http://old.zope.org/Resources/License/ZPL-1.1,spdx,,1,2023-10-12T17:24:22.777751+00:00,2023-10-12T17:24:22.799308+00:00
zpl-2.0,Zope Public License 2.0,,http://old.zope.org/Resources/License/ZPL-2.0,spdx,y,1,2023-10-12T17:24:22.816205+00:00,2023-10-12T17:24:22.829030+00:00
zpl-2.1,Zope Public License 2.1,,http://old.zope.org/Resources/ZPL/,spdx,,1,2023-10-12T17:24:22.835141+00:00,2023-10-12T17:24:22.857573+00:00
bzip2-1.0.5,bzip2 and libbzip2 License v1.0.5,,https://sourceware.org/bzip2/1.0.5/bzip2-manual-1.0.5.html,spdx,,1,2023-10-12T17:24:22.929506+00:00,2023-10-12T17:24:22.956912+00:00
bzip2-1.0.6,bzip2 and libbzip2 License v1.0.6,,https://sourceware.org/git/?p=bzip2.git;a=blob;f=LICENSE;hb=bzip2-1.0.6,spdx,,1,2023-10-12T17:24:22.879667+00:00,2023-10-12T17:24:22.902035+00:00
copyleft-next-0.3.0,copyleft-next 0.3.0,,https://github.com/copyleft-next/copyleft-next/blob/master/Releases/copyleft-next-0.3.0,spdx,,1,2023-10-12T17:24:22.962890+00:00,2023-10-12T17:24:22.992913+00:00
copyleft-next-0.3.1,copyleft-next 0.3.1,,https://github.com/copyleft-next/copyleft-next/blob/master/Releases/copyleft-next-0.3.1,spdx,,1,2023-10-12T17:24:22.887441+00:00,2023-10-12T17:24:22.907409+00:00
curl,curl License,,https://github.com/bagder/curl/blob/master/COPYING,spdx,,1,2023-10-12T17:24:22.978743+00:00,2023-10-12T17:24:22.992695+00:00
diffmark,diffmark license,,https://fedoraproject.org/wiki/Licensing/diffmark,spdx,,1,2023-10-12T17:24:22.918897+00:00,2023-10-12T17:24:22.957133+00:00
dvipdfm,dvipdfm License,,https://fedoraproject.org/wiki/Licensing/dvipdfm,spdx,,1,2023-10-12T17:24:23.016879+00:00,2023-10-12T17:24:23.057057+00:00
egenix,eGenix.com Public License 1.1.0,,http://www.egenix.com/products/eGenix.com-Public-License-1.1.0.pdf,spdx,,1,2023-10-12T17:24:22.923756+00:00,2023-10-12T17:24:22.933321+00:00
mit-enna,enna License,,https://fedoraproject.org/wiki/Licensing/MIT#enna,spdx,,1,2023-10-12T17:24:20.613144+00:00,2023-10-12T17:24:20.622223+00:00
mit-feh,feh License,,https://fedoraproject.org/wiki/Licensing/MIT#feh,spdx,,1,2023-10-12T17:24:20.622651+00:00,2023-10-12T17:24:20.647257+00:00
gsoap-1.3b,gSOAP Public License v1.3b,,http://www.cs.fsu.edu/~engelen/license.html,spdx,,1,2023-10-12T17:24:22.973486+00:00,2023-10-12T17:24:23.013314+00:00
gnuplot,gnuplot License,,https://fedoraproject.org/wiki/Licensing/Gnuplot,spdx,,1,2023-10-12T17:24:23.018871+00:00,2023-10-12T17:24:23.056958+00:00
imatix,iMatix Standard Function Library Agreement,,http://legacy.imatix.com/html/sfl/sfl4.htm#license,spdx,,1,2023-10-12T17:24:23.082049+00:00,2023-10-12T17:24:23.111391+00:00
libpng,libpng License,,http://www.libpng.org/pub/png/src/libpng-LICENSE.txt,spdx,,1,2023-10-12T17:24:20.544189+00:00,2023-10-12T17:24:20.556795+00:00
libselinux-1.0,libselinux public domain notice,,https://github.com/SELinuxProject/selinux/blob/master/libselinux/LICENSE,spdx,,1,2023-10-12T17:24:23.031508+00:00,2023-10-12T17:24:23.058214+00:00
libtiff,libtiff License,,https://fedoraproject.org/wiki/Licensing/libtiff,spdx,,1,2023-10-12T17:24:23.082049+00:00,2023-10-12T17:24:23.125078+00:00
mpich2,mpich2 License,,https://fedoraproject.org/wiki/Licensing/MIT,spdx,,1,2023-10-12T17:24:23.148395+00:00,2023-10-12T17:24:23.177672+00:00
psfrag,psfrag License,,https://fedoraproject.org/wiki/Licensing/psfrag,spdx,,1,2023-10-12T17:24:23.032059+00:00,2023-10-12T17:24:23.044582+00:00
psutils,psutils License,,https://fedoraproject.org/wiki/Licensing/psutils,spdx,,1,2023-10-12T17:24:23.061332+00:00,2023-10-12T17:24:23.108848+00:00
wxwindows,wxWindows Library License,,http://www.opensource.org/licenses/wxwindows.php,,True,1,2023-10-12T17:24:23.435406+00:00,2023-10-12T17:24:23.525852+00:00
xinetd,xinetd License,,https://fedoraproject.org/wiki/Licensing/Xinetd_License,spdx,,1,2023-10-12T17:24:23.076620+00:00,2023-10-12T17:24:23.100594+00:00
zlib,zlib License,,http://www.zlib.net/zlib_license.html,spdx,y,1,2023-10-12T17:24:22.844403+00:00,2023-10-12T17:24:22.865070+00:00
zlib-acknowledgement,zlib/libpng License with Acknowledgement,,https://fedoraproject.org/wiki/Licensing/ZlibWithAcknowledgement,spdx,,1,2023-10-12T17:24:23.152471+00:00,2023-10-12T17:24:23.177203+00:00
